ID,HouseType,Size,Price,LotSize,Balcony,LivingSpace,NumberRooms,YearBuilt,Locality,PostalCode
4000745035,SINGLE_HOUSE,L,1249500.0,,,270.0,7.5,,Genestrerio,6852
4000781039,VILLA,M,1389150.0,640.0,,230.0,8.5,2024.0,Vétroz,1963
4000744528,VILLA,L,,,,880.0,14.0,,Lugano,6900
4000744292,MULTIPLE_DWELLING,L,,,,,,,Grono,6537
4000745275,SINGLE_HOUSE,L,,,,170.0,7.5,,Cadempino,6814
4000148710,SINGLE_HOUSE,S,1102500.0,460.0,,190.0,7.5,,Glovelier,2855
4000744731,SINGLE_HOUSE,L,1462650.0,,,250.0,7.5,,Balerna,6828
4000745567,MULTIPLE_DWELLING,L,1765220.0,,,280.0,,2023.0,Stabio,6855
103859174,VILLA,M,,,,440.0,9.0,,Castagnola,6976
3000744269,SINGLE_HOUSE,M,1911000.0,378.0,,350.0,8.5,,Arosio,6939
4000745329,SINGLE_HOUSE,L,1315650.0,,,160.0,7.5,,Balerna,6828
3003178554,SINGLE_HOUSE,S,1174530.0,876.0,,210.0,8.5,2023.0,Corban,2826
3003181491,SINGLE_HOUSE,L,1764000.0,504.0,,280.0,9.5,2024.0,Rothenbrunnen,7405
4000391531,SINGLE_HOUSE,S,1279630.0,362.0,,180.0,7.5,2023.0,Biel/Bienne,2500
4000391524,SINGLE_HOUSE,S,1301680.0,466.0,,180.0,8.5,2023.0,Biel/Bienne,2500
4000165467,FARM_HOUSE,M,3601500.0,3220.0,,440.0,15.0,2021.0,Oftringen,4665
3003138436,SINGLE_HOUSE,L,1949220.0,900.0,,200.0,8.5,2024.0,Burgistein,3664
4000391512,SINGLE_HOUSE,S,1304620.0,490.0,,180.0,8.5,2023.0,Biel/Bienne,2500
4000203632,SINGLE_HOUSE,S,,655.0,,230.0,10.0,2023.0,Bärschwil,4252
3003142547,CHALET,M,,933.0,,520.0,9.5,2023.0,Verbier,1936
4000782938,SINGLE_HOUSE,L,2182950.0,906.0,,210.0,8.5,2024.0,Seelisberg,6377
3003135982,ROW_HOUSE,S,1624350.0,,,230.0,8.5,2021.0,Sion,1950
4000391541,SINGLE_HOUSE,S,1311970.0,340.0,,200.0,7.5,2023.0,Biel/Bienne,2500
3003138940,SINGLE_HOUSE,M,1896300.0,340.0,,190.0,8.5,2023.0,Laufenburg,5080
4000782888,SINGLE_HOUSE,M,2469600.0,522.0,,240.0,8.5,2023.0,Abtwil SG,9030
3003141354,SINGLE_HOUSE,S,2866500.0,1167.0,,280.0,8.5,2023.0,Egerkingen,4622
3003149133,SINGLE_HOUSE,S,,300.0,,220.0,8.5,2024.0,Riedstätt,3159
3003515575,BIFAMILIAR_HOUSE,S,,446.0,,250.0,8.5,2024.0,Niederdorf,4435
4000391544,SINGLE_HOUSE,S,1282570.0,356.0,,190.0,7.5,2023.0,Biel/Bienne,2500
3003139101,BIFAMILIAR_HOUSE,S,1617000.0,,,180.0,7.5,,Riken AG,4853
4000413490,SINGLE_HOUSE,M,1256850.0,,,,8.5,2023.0,Etzgen,5275
4000743944,SINGLE_HOUSE,L,2278500.0,438.0,,250.0,8.5,2024.0,Spiez,3700
3003139372,BIFAMILIAR_HOUSE,S,1389150.0,264.0,,290.0,8.5,2022.0,Koppigen,3425
3002537292,CHALET,S,4983300.0,826.0,,300.0,9.5,,Les Crosets,1873
4000497999,SINGLE_HOUSE,M,1396500.0,,,240.0,8.5,,Bellmund,2564
3000954607,SINGLE_HOUSE,S,1381800.0,,,230.0,8.5,2022.0,Claro,6702
3003143497,SINGLE_HOUSE,L,2155600.0,900.0,,220.0,9.5,2024.0,Burgistein,3664
4000391618,SINGLE_HOUSE,S,1304620.0,378.0,,200.0,7.5,2023.0,Biel/Bienne,2500
4000632924,ROW_HOUSE,L,1896300.0,277.0,,190.0,7.5,2023.0,Aesch BL,4147
3003137386,BIFAMILIAR_HOUSE,S,1528800.0,264.0,,290.0,8.5,2022.0,Koppigen,3425
4000632923,ROW_HOUSE,L,1969800.0,277.0,,190.0,7.5,2023.0,Aesch BL,4147
3003140019,CHALET,M,3234000.0,,,220.0,8.5,2021.0,Riederalp,3987
3003145037,SINGLE_HOUSE,S,,330.0,,220.0,8.5,,La Neuveville,2520
3003527245,BIFAMILIAR_HOUSE,S,2521050.0,350.0,,220.0,8.5,,Zuzwil SG,9524
4000670850,SINGLE_HOUSE,L,1161300.0,280.0,,180.0,7.5,2024.0,Zullwil,4234
3003178551,SINGLE_HOUSE,S,1173060.0,862.0,,210.0,8.5,2023.0,Corban,2826
3003136743,SINGLE_HOUSE,S,2528400.0,619.0,,350.0,8.5,2023.0,Murgenthal,4853
3003310013,SINGLE_HOUSE,M,1690500.0,617.0,,250.0,8.5,,Farnern,4539
109300801,VILLA,M,7056000.0,,,440.0,9.5,2021.0,Castagnola,6976
3003135452,SINGLE_HOUSE,S,1984500.0,450.0,,,8.5,2023.0,Egerkingen,4622
3003137510,SINGLE_HOUSE,S,2866500.0,537.0,,310.0,8.5,2023.0,Egerkingen,4622
3003136748,SINGLE_HOUSE,S,1653750.0,582.0,,290.0,12.5,2023.0,Flühli LU,6173
3003514218,SINGLE_HOUSE,S,2043300.0,437.0,,230.0,8.5,2024.0,Märstetten,8560
4000795311,ROW_HOUSE,S,1837500.0,146.0,,190.0,8.5,2021.0,Flawil,9230
3002169934,MULTIPLE_DWELLING,S,10584000.0,2616.0,,2540.0,,2022.0,Sierre,3960
3003181683,SINGLE_HOUSE,M,1727250.0,354.0,,290.0,8.5,2023.0,Sevelen,9475
4000391586,SINGLE_HOUSE,S,1289920.0,348.0,,190.0,7.5,2023.0,Biel/Bienne,2500
4000670641,SINGLE_HOUSE,L,1249500.0,280.0,,180.0,7.5,2024.0,Zullwil,4234
3003136928,SINGLE_HOUSE,S,1580250.0,350917.0,,230.0,8.5,2022.0,Bellwald,3997
3003140515,SINGLE_HOUSE,S,1881600.0,,,250.0,8.5,,Düdingen,3186
4000802537,SINGLE_HOUSE,L,2322600.0,243.0,,240.0,9.0,1933.0,Allschwil,4123
4000717762,SINGLE_HOUSE,L,3160500.0,644.0,,250.0,10.0,2024.0,Hofstetten,4114
4000729776,SINGLE_HOUSE,L,1315650.0,120.0,,150.0,9.0,1966.0,Reinach BL,4153
4000825560,SINGLE_HOUSE,L,1756650.0,187.0,,220.0,7.0,1960.0,Reinach,4153
4000830729,MULTIPLE_DWELLING,L,2403450.0,4160.0,,880.0,37.5,1680.0,Langenbruck,4438
4000830730,MULTIPLE_DWELLING,L,2278500.0,358.0,,600.0,14.0,1888.0,Langenbruck,4438
4000830731,SINGLE_HOUSE,L,2278500.0,358.0,,600.0,14.0,1888.0,Langenbruck,4438
4000683975,SINGLE_HOUSE,M,1984500.0,490.0,,220.0,8.5,2024.0,Läufelfingen,4448
4000828574,MULTIPLE_DWELLING,L,,1527.0,,,,2004.0,Sursee,6210
4000828264,SINGLE_HOUSE,L,2690100.0,812.0,,200.0,9.5,1976.0,Adligenswil,6043
4000828262,MULTIPLE_DWELLING,L,470400.0,,,220.0,11.0,,Arogno,6822
4000826485,SINGLE_HOUSE,L,2866500.0,899.0,,360.0,9.5,1974.0,Füllinsdorf,4414
4000826201,VILLA,L,3895500.0,581.0,,220.0,9.0,,Corsier GE,1246
4000820000,MULTIPLE_DWELLING,L,2102100.0,675.0,,560.0,,,Sulgen,8583
4000819442,SINGLE_HOUSE,L,3087000.0,450.0,,440.0,12.5,1906.0,Mendrisio,6850
4000796174,BIFAMILIAR_HOUSE,L,3160500.0,404.0,,510.0,11.0,2005.0,Villars-Sainte-Croix,1029
4000788230,SINGLE_HOUSE,L,2940000.0,336.0,,170.0,7.5,1946.0,Steinhausen,6312
4000785866,BIFAMILIAR_HOUSE,L,1690500.0,135.0,,190.0,7.5,,Beromünster,6215
4000783894,BIFAMILIAR_HOUSE,L,,1178.0,,,9.5,1986.0,Pfäffikon ZH,8330
4000768026,BIFAMILIAR_HOUSE,L,3498600.0,511.0,,440.0,11.0,1967.0,Kriens,6010
4000699000,SINGLE_HOUSE,L,3822000.0,800.0,,220.0,8.5,1946.0,Chambésy,1292
4000689005,CHALET,L,3087000.0,710.0,,290.0,10.0,2011.0,Morgins,1875
4000683872,SINGLE_HOUSE,L,3814650.0,224.0,,290.0,8.5,1888.0,Schluein,7151
4000683445,CHALET,L,3667650.0,280.0,,200.0,5.5,2023.0,Schluein,7151
4000683442,SINGLE_HOUSE,L,,218.0,,360.0,8.5,2025.0,Flims Dorf,7017
4000669544,SINGLE_HOUSE,L,,1356.0,,450.0,14.0,,Seewis Dorf,7212
4000632035,SINGLE_HOUSE,L,1227450.0,294.0,,200.0,7.5,2024.0,Nunningen,4208
4000632021,SINGLE_HOUSE,L,1249500.0,322.0,,200.0,7.5,2024.0,Nunningen,4208
4000542615,CHALET,L,7791000.0,950.0,,,7.0,,Grund b. Gstaad,3783
4000515799,CHALET,L,,466.0,,790.0,37.0,1997.0,Zermatt,3920
4000502770,SINGLE_HOUSE,L,1308300.0,724.0,,170.0,8.5,1980.0,Eschenz,8264
4000499981,ROW_HOUSE,L,1793400.0,125.0,,280.0,8.5,2025.0,Glarus,8750
4000497844,MULTIPLE_DWELLING,L,7203000.0,1543.0,,,,1991.0,Glarus Nord,8753
4000463245,VILLA,L,4189500.0,1730.0,,520.0,11.0,1991.0,Novazzano,6883
4000411831,BIFAMILIAR_HOUSE,L,2058000.0,950.0,,220.0,7.0,1985.0,Eglisau,8193
4000376757,RUSTICO,L,5806500.0,53664.0,,390.0,17.0,,Vogorno,6632
4000366897,BIFAMILIAR_HOUSE,L,2609250.0,268.0,,220.0,7.5,2024.0,Givrins,1271
4000332726,SINGLE_HOUSE,L,,304.0,,260.0,9.5,2024.0,Oberglatt ZH,8154
4000327352,ROW_HOUSE,L,1837500.0,158.0,,220.0,9.5,2025.0,Gelterkinden,4460
4000293616,SINGLE_HOUSE,L,,2563.0,,470.0,11.5,1991.0,Rothenburg,6023
4000201820,VILLA,L,1308300.0,240.0,,,8.5,2024.0,Mendrisio,6852
4000189781,SINGLE_HOUSE,L,2881200.0,680.0,,350.0,11.5,1987.0,Pfeffingen,4148
4000167484,SINGLE_HOUSE,L,,1000.0,,,10.0,1988.0,Seewen SZ,6423
3003556692,FARM_HOUSE,L,2205000.0,960.0,,630.0,12.5,1920.0,Mülligen,5243
3003556507,BIFAMILIAR_HOUSE,L,1352400.0,250.0,,250.0,8.5,2024.0,Mülligen,5243
3003509371,SINGLE_HOUSE,L,3270750.0,909.0,,,11.0,2004.0,Weggis,6353
3003445584,SINGLE_HOUSE,L,,500.0,,470.0,8.5,2023.0,Weisslingen,8484
3002748982,SINGLE_HOUSE,L,1227450.0,,,143.0,5.0,2022.0,Mühlau,5642
3002584460,VILLA,L,,1549.0,,1180.0,37.0,1932.0,Zürich,8044
4000835051,MULTIPLE_DWELLING,M,2646000.0,490.0,,250.0,15.0,1925.0,Winterthur,8400
4000654760,SINGLE_HOUSE,M,1543500.0,622.0,,190.0,8.5,1989.0,Leutwil,5725
4000834354,SINGLE_HOUSE,M,,570.0,,290.0,8.5,1978.0,Heiden,9410
4000833858,SINGLE_HOUSE,M,2719500.0,388.0,,250.0,9.5,2008.0,Obfelden,8912
4000833676,CHALET,L,1249500.0,814.0,,240.0,7.5,,Saxon,1907
4000833677,SINGLE_HOUSE,L,874650.0,603.0,,150.0,7.5,,Saxon,1907
4000488703,SINGLE_HOUSE,M,2778300.0,445.0,,170.0,7.0,2005.0,Vernier,1214
4000694358,SINGLE_HOUSE,L,,242.0,,600.0,19.5,1660.0,Celerina/Schlarigna,7505
4000832611,SINGLE_HOUSE,M,4116000.0,800.0,,290.0,11.5,1904.0,Château-d’Œx,1660
4000811084,ROW_HOUSE,L,4704000.0,296.0,,,8.5,1999.0,Oberwil b. Zug,6317
4000788677,SINGLE_HOUSE,L,7203000.0,910.0,,230.0,8.5,,Einsiedeln,8840
4000731182,BIFAMILIAR_HOUSE,L,2344650.0,1817.0,,250.0,7.5,2023.0,St. Antönien,7246
4000753432,CHALET,L,4483500.0,5107.0,,790.0,11.5,,Troistorrents,1872
4000747576,BIFAMILIAR_HOUSE,L,1168650.0,766.0,,290.0,13.0,,Oberbuchsiten,4625
4000788674,SINGLE_HOUSE,L,1756650.0,628.0,,170.0,7.5,,Eclagnens,1376
4000725518,SINGLE_HOUSE,L,0.0,859.0,,370.0,10.0,,Grenchen,2540
4000815334,BIFAMILIAR_HOUSE,L,808500.0,189.0,,220.0,7.5,,Turbenthal,8488
4000820340,SINGLE_HOUSE,L,1896300.0,211.0,,,,,Torricella,6808
4000753428,MULTIPLE_DWELLING,L,1462650.0,356.0,,,24.5,,Hundwil,9064
4000768579,SINGLE_HOUSE,L,661500.0,906.0,,180.0,8.5,,Pagig,7028
4000753424,ROW_HOUSE,L,1102500.0,233.0,,220.0,7.5,,Wahlen b. Laufen,4246
4000831907,SINGLE_HOUSE,L,2719500.0,220.0,,310.0,8.5,,Montagnola,6926
4000787051,FARM_HOUSE,L,2866500.0,2186.0,,470.0,16.5,,Untersteckholz,4916
4000818062,SINGLE_HOUSE,L,514500.0,446.0,,76.0,5.0,,Malvaglia,6713
4000809758,VILLA,L,2940000.0,834.0,,740.0,19.0,,Corcelles NE,2035
4000788664,SINGLE_HOUSE,L,1690500.0,724.0,,190.0,8.5,,Wildhaus,9658
4000723591,SINGLE_HOUSE,L,338100.0,145.0,,168.0,5.5,,Arosio,6939
4000788662,SINGLE_HOUSE,L,1173060.0,732.0,,330.0,9.5,,Tramelan,2720
4000772767,VILLA,L,1411200.0,717.0,,400.0,10.0,,Vernayaz,1904
4000756204,SINGLE_HOUSE,L,1999200.0,843.0,,250.0,9.0,,Chabrey,1589
4000772766,SINGLE_HOUSE,L,557130.0,413.0,,180.0,8.5,,Bonfol,2944
4000804453,SINGLE_HOUSE,L,220500.0,90.0,,,5.0,,Moghegno,6677
4000723588,SINGLE_HOUSE,L,837900.0,97.0,,240.0,7.0,,Pianezzo,6582
4000778599,FARM_HOUSE,L,411600.0,1029.0,,300.0,11.5,,Bonfol,2944
4000731143,SINGLE_HOUSE,L,514500.0,150.0,,,6.0,,Miège,3972
4000758052,BIFAMILIAR_HOUSE,L,2190300.0,1709.0,,340.0,9.5,,Gibswil,8498
4000794231,ROW_HOUSE,L,1984500.0,156.0,,220.0,9.0,,Würenlos,5436
4000831903,ROW_HOUSE,L,1168650.0,297.0,,440.0,11.0,,Buttes,2115
4000747537,ROW_HOUSE,L,955500.0,198.0,,140.0,7.0,,Goldach,9403
4000820296,MULTIPLE_DWELLING,L,1014300.0,404.0,,270.0,13.5,,Scharans,7412
4000753397,TERRACE_HOUSE,L,968730.0,266.0,,172.0,7.5,,Gossau SG,9200
4000758032,CHALET,L,1389150.0,958.0,,200.0,9.5,,Pragg-Jenaz,7231
4000826998,BIFAMILIAR_HOUSE,L,3461850.0,262.0,,400.0,11.0,,Speicher,9042
4000820285,CHALET,L,1014300.0,699.0,,220.0,10.0,,La Tzoumaz,1918
4000753394,SINGLE_HOUSE,L,292530.0,117.0,,161.0,10.0,,Sobrio,6749
4000831901,SINGLE_HOUSE,L,1462650.0,802.0,,220.0,9.5,,Hägglingen,5607
4000820281,SINGLE_HOUSE,L,955500.0,1550.0,,140.0,7.5,,Vendlincourt,2943
4000772758,VILLA,L,3954300.0,425.0,,360.0,9.5,2024.0,Bogis-Bossey,1279
4000747520,MULTIPLE_DWELLING,L,1609650.0,854.0,,570.0,21.5,,Aarwangen,4912
4000768563,SINGLE_HOUSE,L,1234800.0,965.0,,330.0,11.5,,Bévilard,2735
4000741943,SINGLE_HOUSE,L,2043300.0,1330.0,,620.0,23.0,,Rebeuvelier,2832
4000772751,VILLA,L,3822000.0,425.0,,360.0,9.5,2024.0,Bogis-Bossey,1279
4000772750,BIFAMILIAR_HOUSE,L,3822000.0,425.0,,360.0,9.5,2024.0,Bogis-Bossey,1279
4000756171,SINGLE_HOUSE,L,602700.0,1148.0,,220.0,11.5,,Les Pontins,2610
4000787003,BIFAMILIAR_HOUSE,L,1465590.0,737.0,,220.0,8.5,,Auenstein,5105
4000753382,CHALET,L,1205400.0,400.0,,240.0,10.0,,Mase,1968
4000756169,SINGLE_HOUSE,L,1646400.0,511.0,,220.0,8.5,,Seedorf BE,3267
4000784111,BIFAMILIAR_HOUSE,L,1719900.0,240.0,,190.0,7.5,,Aesch BL,4147
4000731111,SINGLE_HOUSE,L,1014300.0,1389.0,,360.0,11.0,1970.0,Némiaz (Chamoson),1955
4000826961,SINGLE_HOUSE,L,5130300.0,732.0,,290.0,11.5,,Speicher,9042
4000794222,SINGLE_HOUSE,L,1464120.0,628.0,,200.0,8.5,,Reinach AG,5734
4000786994,SINGLE_HOUSE,L,1749300.0,790.0,,230.0,9.0,,Le Bry,1645
4000826932,SINGLE_HOUSE,L,1278900.0,460.0,,360.0,11.5,,Salins,1991
4000753371,CHALET,L,1308300.0,188.0,,170.0,9.5,,Trin Mulin,7016
4000747495,BIFAMILIAR_HOUSE,L,0.0,290.0,,230.0,8.5,2012.0,Wahlen b. Laufen,4246
4000756154,SINGLE_HOUSE,L,3675000.0,,,,15.0,2024.0,Aclens,1123
4000784108,SINGLE_HOUSE,L,1764000.0,1173.0,,190.0,9.0,,Venthône,3973
4000772741,SINGLE_HOUSE,L,1764000.0,109.0,,150.0,7.5,,Muralto,6600
4000741916,SINGLE_HOUSE,L,1087800.0,1424.0,,200.0,8.5,,Bourrignon,2803
4000799266,SINGLE_HOUSE,L,926100.0,700.0,,230.0,7.5,,Savagnier,2065
4000772739,VILLA,L,3895500.0,425.0,,360.0,9.5,2024.0,Bogis-Bossey,1279
4000815272,SINGLE_HOUSE,L,970200.0,212.0,,157.0,5.5,2024.0,Zeglingen,4495
4000757951,BIFAMILIAR_HOUSE,L,1014300.0,351.0,,220.0,5.0,,Thalheim AG,5112
4000813434,SINGLE_HOUSE,S,1747830.0,,,,,2023.0,Leissigen,3706
4000813454,SINGLE_HOUSE,S,1543350.0,550.0,,190.0,9.5,,Därstetten,3763
4000831410,ROW_HOUSE,L,2381400.0,378.0,,,12.5,2019.0,Clarmont,1127
4000727349,ROW_HOUSE,L,1808100.0,147.0,,210.0,9.5,1970.0,Bottmingen,4103
4000793012,MULTIPLE_DWELLING,L,2131500.0,950.0,,450.0,13.0,1985.0,Hölstein,4434
4000562267,SINGLE_HOUSE,L,1249500.0,59.0,,154.0,5.5,1985.0,Morcote,6922
4000829718,SINGLE_HOUSE,L,4483500.0,,,,8.5,1927.0,Lausanne,1005
4000830738,TERRACE_HOUSE,M,2543100.0,,,200.0,7.5,,Eggenwil,5445
4000825564,SINGLE_HOUSE,L,2190300.0,238.0,,290.0,9.5,2024.0,Sissach,4450
4000830010,SINGLE_HOUSE,M,2937060.0,712.0,,220.0,8.5,2012.0,Aesch LU,6287
4000829988,VILLA,L,,658.0,,340.0,9.0,,Ronco sopra Ascona,6622
4000815406,BIFAMILIAR_HOUSE,L,3087000.0,,,180.0,8.5,2025.0,Mies-Tannay,1295
4000829352,CHALET,M,,6667.0,,950.0,15.0,1970.0,Ollon VD,1867
4000727412,SINGLE_HOUSE,M,1161300.0,779.0,,,8.5,1954.0,Sonceboz-Sombeval,2605
4000138733,SINGLE_HOUSE,M,1173060.0,732.0,,,9.5,1800.0,Tramelan,2720
4000827133,FARM_HOUSE,M,720300.0,493.0,,180.0,8.5,,Riein,7128
4000826274,VILLA,S,2763600.0,333.0,,270.0,8.5,2025.0,Weggis,6353
4000826273,VILLA,S,2643060.0,478.0,,240.0,8.5,2025.0,Weggis,6353
4000766365,ROW_HOUSE,L,3601500.0,554.0,,,11.0,2004.0,Meinier,1252
4000707190,SINGLE_HOUSE,L,1911000.0,681.0,,190.0,8.5,1989.0,Ascona,6612
3003306593,SINGLE_HOUSE,L,1852200.0,544.0,,200.0,8.5,,Reigoldswil,4418
4000594950,SINGLE_HOUSE,L,0.0,533.0,,200.0,8.5,,Reigoldswil,4418
4000594630,SINGLE_HOUSE,L,1830150.0,508.0,,200.0,8.5,,Reigoldswil,4418
4000816508,SINGLE_HOUSE,S,1572900.0,463.0,,240.0,7.0,2022.0,Preonzo,6523
4000790877,BIFAMILIAR_HOUSE,M,2719500.0,649.0,,240.0,8.5,2006.0,Lugnorre,1789
4000821854,SINGLE_HOUSE,M,3035550.0,1782.0,,220.0,,1966.0,Blonay,1807
4000738398,ROW_HOUSE,L,3351600.0,680.0,,,9.0,2006.0,Thônex,1226
4000821041,ROW_HOUSE,M,1984500.0,220.0,,170.0,7.5,1977.0,Reinach,4153
4000820673,SINGLE_HOUSE,M,1029000.0,470.0,,140.0,4.5,2017.0,Densbüren,5026
4000820007,BIFAMILIAR_HOUSE,M,,714.0,,240.0,7.0,2008.0,Liestal,4410
4000819867,BIFAMILIAR_HOUSE,M,,500.0,,190.0,8.5,1850.0,Horgen,8810
4000819707,SINGLE_HOUSE,L,1161300.0,,,170.0,8.5,1970.0,Wila,8492
4000819847,SINGLE_HOUSE,M,1756650.0,765.0,,200.0,8.5,1981.0,Kleindöttingen,5314
4000819840,SINGLE_HOUSE,M,2484300.0,617.0,,230.0,8.5,2017.0,Bichelsee-Balterswil,8362
4000819574,SINGLE_HOUSE,M,1308300.0,652.0,,190.0,8.5,1773.0,Henniez,1525
4000818987,ROW_HOUSE,M,2381400.0,187.0,,250.0,9.5,1991.0,Hausen am Albis,8915
4000818954,BIFAMILIAR_HOUSE,M,720300.0,849.0,,170.0,7.5,,Schwaderloch,5326
4000817793,SINGLE_HOUSE,M,1881600.0,147.0,,220.0,8.5,2005.0,Therwil,4106
4000809213,SINGLE_HOUSE,S,1158360.0,336.0,,163.0,6.0,1952.0,Burgdorf,3400
4000816645,SINGLE_HOUSE,M,3050250.0,500.0,,160.0,4.5,2023.0,Marin-Epagnier,2074
4000816446,SINGLE_HOUSE,M,1749300.0,1108.0,,220.0,8.5,1977.0,Dussg,8374
4000795996,SINGLE_HOUSE,S,1433250.0,308.0,,220.0,7.0,2018.0,Claro,6702
4000814058,RUSTIC_HOUSE,M,145530.0,679.0,,136.0,5.0,,Menzonio,6692
4000571129,ROW_HOUSE,L,5130300.0,754.0,,310.0,7.5,,Rüschlikon,8803
4000748667,SINGLE_HOUSE,S,3219300.0,450.0,,,17.0,1890.0,Russin,1281
4000813237,BIFAMILIAR_HOUSE,M,2881200.0,223.0,,190.0,8.5,,Horgen,8810
4000621057,SINGLE_HOUSE,S,4733400.0,833.0,,,10.0,2024.0,Bernex,1233
4000812083,SINGLE_HOUSE,M,2278500.0,362.0,,180.0,8.5,1984.0,Bülach,8180
4000808421,SINGLE_HOUSE,M,1999200.0,836.0,,300.0,8.5,1985.0,Wiezikon b. Sirnach,8372
4000263561,VILLA,M,9555000.0,,,1370.0,16.5,2006.0,Lugano,6900
4000808089,SINGLE_HOUSE,M,2484300.0,1066.0,,360.0,12.5,1977.0,Sonvico,6968
4000538380,VILLA,M,0.0,,,540.0,9.0,1970.0,Montagnola,6926
4000807274,SINGLE_HOUSE,L,2925300.0,661.0,,300.0,11.5,1970.0,Wettingen,5430
4000805980,SINGLE_HOUSE,L,1315650.0,324.0,,140.0,7.5,,Baden,5400
4000806852,ROW_HOUSE,M,2190300.0,224.0,,230.0,8.5,2009.0,Illnau,8308
4000806086,MULTIPLE_DWELLING,M,2344650.0,1498.0,,290.0,12.5,1940.0,Melide,6815
4000805771,SINGLE_HOUSE,M,2469600.0,366.0,,240.0,8.5,1994.0,Stallikon,8143
4000805643,ROW_HOUSE,M,1837500.0,179.0,,190.0,7.5,1932.0,Basel,4057
4000805616,CHALET,M,,700.0,,190.0,11.0,1995.0,Obersaxen,7134
4000803642,SINGLE_HOUSE,M,1909530.0,300.0,,220.0,8.5,2024.0,Villmergen,5612
4000801693,ROW_HOUSE,L,3454500.0,353.0,,310.0,9.0,2008.0,Hermance,1248
4000801526,SINGLE_HOUSE,M,1462650.0,,,290.0,9.5,2004.0,Ponte Tresa,6988
4000800576,BIFAMILIAR_HOUSE,L,2352000.0,1239.0,,430.0,,1820.0,Lengnau,5426
4000798531,SINGLE_HOUSE,M,1896300.0,745.0,,290.0,8.5,2011.0,Botterens,1652
4000796484,SINGLE_HOUSE,M,,1114.0,,160.0,7.5,1964.0,Nyon,1260
4000795285,SINGLE_HOUSE,M,,268.0,,,7.5,,Obergösgen,4653
4000332510,BIFAMILIAR_HOUSE,M,1543500.0,,,170.0,8.5,2024.0,Orbe,1350
4000792887,BIFAMILIAR_HOUSE,M,1411200.0,173.0,,190.0,8.5,2024.0,Schaffhausen,8200
4000791472,SINGLE_HOUSE,M,5865300.0,901.0,,400.0,13.5,1957.0,Uitikon Waldegg,8142
4000790132,VILLA,M,6762000.0,1614.0,,400.0,14.0,1990.0,Lugano,6900
4000789623,BIFAMILIAR_HOUSE,M,1984500.0,327.0,,,9.0,1988.0,Embrach,8424
4000788286,SINGLE_HOUSE,M,2182950.0,1000.0,,220.0,8.5,2004.0,Ollon,1867
4000788084,SINGLE_HOUSE,M,2646000.0,600.0,,390.0,9.5,2005.0,Trachslau,8840
4000786694,BIFAMILIAR_HOUSE,M,1146600.0,255.0,,190.0,8.5,1992.0,Lützelflüh-Goldbach,3432
4000485256,ROW_HOUSE,M,1734600.0,170.0,,180.0,8.5,1980.0,Bonstetten,8906
4000784351,VILLA,M,25725000.0,2000.0,,1020.0,9.0,2012.0,Gommiswald,8737
3003003691,ROW_HOUSE,L,2190300.0,112.0,,180.0,8.5,2023.0,Bern,3018
3003003690,BIFAMILIAR_HOUSE,L,2271150.0,,,180.0,8.5,2023.0,Bern,3018
4000782089,BIFAMILIAR_HOUSE,M,4498200.0,448.0,,270.0,8.5,2004.0,Wallisellen,8304
4000782074,SINGLE_HOUSE,M,,786.0,,290.0,11.5,1983.0,Bülach,8180
4000782069,SINGLE_HOUSE,M,1602300.0,499.0,,180.0,7.0,1830.0,Densbüren,5026
4000781245,CHALET,M,2572500.0,278.0,,170.0,7.5,1929.0,Arosa,7050
4000781099,ROW_HOUSE,M,1881600.0,179.0,,250.0,8.5,1843.0,Hinwil,8340
3002091888,SINGLE_HOUSE,M,733530.0,107.0,,180.0,7.5,,Castel San Pietro,6874
4000780817,ROW_HOUSE,M,1514100.0,276.0,,190.0,8.5,1978.0,Neftenbach,8413
4000779984,BIFAMILIAR_HOUSE,M,1984500.0,248.0,,240.0,8.5,2024.0,Niederlenz,5702
4000548906,VILLA,M,2344650.0,,,190.0,8.5,2026.0,Le Mont-sur-Lausanne,1052
4000777347,VILLA,M,2344650.0,,,190.0,8.5,2026.0,Lausanne,1004
4000775102,BIFAMILIAR_HOUSE,M,1844850.0,434.0,,200.0,9.0,1993.0,Hofstetten-Flüh,4114
4000288020,SINGLE_HOUSE,S,896700.0,868.0,,,7.0,1947.0,Couvet,2108
4000774635,SINGLE_HOUSE,M,1367100.0,791.0,,190.0,11.0,1968.0,Jegenstorf,3303
4000554082,CHALET,S,1115730.0,350.0,,150.0,7.5,1975.0,Grächen,3924
4000771310,RUSTIC_HOUSE,M,,2173.0,,,2.0,,Rasa,6655
4000769652,BIFAMILIAR_HOUSE,M,1784580.0,320.0,,330.0,8.5,2024.0,Kaltenbach,8259
4000766450,BIFAMILIAR_HOUSE,M,1830150.0,217.0,,300.0,8.5,2000.0,Marthalen,8460
4000764877,MULTIPLE_DWELLING,M,4998000.0,1587.0,,,,1988.0,Kaufdorf,3126
4000764568,VILLA,L,,841.0,,880.0,15.0,2024.0,Lugano,6900
4000740956,SINGLE_HOUSE,L,2734200.0,250.0,,190.0,8.5,2024.0,Zufikon,5621
4000762737,SINGLE_HOUSE,M,,756.0,,340.0,9.0,2022.0,Klosters,7250
4000762023,MULTIPLE_DWELLING,M,3160500.0,426.0,,,,1943.0,Bern,3007
4000758513,TERRACE_HOUSE,M,,193.0,,270.0,8.5,1968.0,Oberrohrdorf,5452
4000757745,BIFAMILIAR_HOUSE,M,2778300.0,422.0,,400.0,9.5,2024.0,Lengnau,5426
4000757387,SINGLE_HOUSE,M,,450.0,,230.0,8.5,1995.0,Orselina,6644
4000754798,SINGLE_HOUSE,M,1205400.0,491.0,,154.0,8.5,1952.0,Gränichen,5722
4000685739,VILLA,S,1462650.0,1186.0,,250.0,9.5,1985.0,Bullet,1453
4000751766,VILLA,M,,592.0,,650.0,37.0,1906.0,St. Gallen,9000
4000750001,SINGLE_HOUSE,M,1984500.0,582.0,,230.0,7.5,2008.0,Pampigny,1142
4000749892,TERRACE_HOUSE,M,1741950.0,448.0,,220.0,7.5,2002.0,Wohlen AG,5610
4000746500,SINGLE_HOUSE,M,3381000.0,1000.0,,330.0,9.5,2014.0,Eschlikon TG,8360
4000745557,BIFAMILIAR_HOUSE,M,3498600.0,251.0,,280.0,9.5,1982.0,Zürich,8041
4000745355,SINGLE_HOUSE,M,1447950.0,,,,7.0,,Büren an der Aare,3294
4000744229,VILLA,M,,800.0,,630.0,11.5,,Meilen,8706
4000740280,ROW_HOUSE,M,,248.0,,280.0,9.5,1929.0,Zürich,8057
4000733520,MULTIPLE_DWELLING,M,2462250.0,1335.0,,,,1847.0,Gebertingen,8725
4000730933,SINGLE_HOUSE,M,1764000.0,504.0,,140.0,6.0,1961.0,Aigle,1860
4000730588,ROW_HOUSE,M,1959510.0,452.0,,470.0,10.0,1988.0,Morbio Inferiore,6834
4000729559,ROW_HOUSE,M,4189500.0,600.0,,250.0,11.0,1995.0,Vésenaz,1222
4000728425,VILLA,M,7276500.0,,,310.0,9.5,1960.0,Meilen,8706
4000726496,BIFAMILIAR_HOUSE,M,1881600.0,437.0,,280.0,9.5,2023.0,Kaltbrunn,8722
4000719506,SINGLE_HOUSE,L,3263400.0,352.0,,350.0,9.5,,Horgen,8810
4000719508,SINGLE_HOUSE,L,5659500.0,352.0,,350.0,9.5,,Horgen,8810
4000725252,ROW_HOUSE,M,,157.0,,290.0,9.5,2006.0,Giebenach,4304
4000725095,BIFAMILIAR_HOUSE,M,1352400.0,509.0,,190.0,7.0,1970.0,Seltisberg,4411
4000725087,SINGLE_HOUSE,M,1403850.0,,,220.0,8.5,2024.0,Känerkinden,4447
4000724332,SINGLE_HOUSE,M,2484300.0,8340.0,,240.0,8.5,2019.0,Schaffhausen,8200
4000718761,ROW_HOUSE,M,1087800.0,181.0,,180.0,9.0,1987.0,Kappel SO,4616
4000718294,SINGLE_HOUSE,M,4851000.0,1191.0,,240.0,8.5,,Egg b. Zürich,8132
4000718136,SINGLE_HOUSE,M,1176000.0,395.0,,230.0,9.5,1963.0,Teufenthal AG,5723
4000717741,SINGLE_HOUSE,M,1572900.0,398.0,,140.0,7.5,1961.0,Reinach BL,4153
4000715341,SINGLE_HOUSE,M,3528000.0,,,240.0,10.0,2012.0,Cumbel,7142
4000713270,SINGLE_HOUSE,M,4145400.0,449.0,,280.0,11.5,1991.0,Vessy,1234
4000712010,FARM_HOUSE,M,3601500.0,3406.0,,360.0,13.5,1977.0,Siegershausen,8573
4000711570,ROW_HOUSE,M,1389150.0,85.0,,190.0,9.5,1986.0,Châtel-St-Denis,1618
4000697908,MULTIPLE_DWELLING,M,1212750.0,224.0,,250.0,10.0,1932.0,Muhen,5037
4000636134,SINGLE_HOUSE,M,0.0,,,,8.5,2024.0,Sarmenstorf,5614
4000696048,MULTIPLE_DWELLING,M,2675400.0,968.0,,,19.0,,Giubiasco,6512
4000695732,MULTIPLE_DWELLING,M,8085000.0,,,910.0,,,Kloten,8302
4000695730,MULTIPLE_DWELLING,M,11025000.0,125.0,,810.0,,1948.0,Opfikon,8152
4000695726,MULTIPLE_DWELLING,M,33810000.0,,,,,,Biasca,6710
4000695724,MULTIPLE_DWELLING,M,8820000.0,1338.0,,2320.0,,1953.0,Trimbach,4632
4000695720,MULTIPLE_DWELLING,M,7350000.0,2238.0,,,,1960.0,Bellach,4512
4000691772,ROW_HOUSE,M,1969800.0,277.0,,190.0,7.5,2024.0,Aesch BL,4147
4000687133,SINGLE_HOUSE,M,,541.0,,290.0,7.0,2026.0,Bassersdorf,8303
4000678874,SINGLE_HOUSE,M,1984500.0,1450.0,,510.0,13.0,,Riva San Vitale,6826
4000676415,SINGLE_HOUSE,M,2719500.0,935.0,,240.0,8.5,1975.0,Neerach,8173
4000674139,BIFAMILIAR_HOUSE,M,1852200.0,184.0,,230.0,11.5,1945.0,Bremgarten AG,5620
4000437165,SINGLE_HOUSE,S,0.0,900.0,,690.0,17.0,,Cologny,1223
4000664793,SINGLE_HOUSE,M,1264200.0,219.0,,150.0,7.5,,Peseux,2034
4000663330,BIFAMILIAR_HOUSE,M,1631700.0,282.0,,220.0,8.5,2011.0,Flaach,8416
4000659351,MULTIPLE_DWELLING,M,2352000.0,556.0,,,,1836.0,Olivone,6718
4000655517,VILLA,M,3079650.0,807.0,,280.0,9.0,1986.0,Blonay,1807
4000650071,CHALET,M,,992.0,,250.0,12.5,,Braunwald,8784
4000645048,SINGLE_HOUSE,M,,453.0,,380.0,11.5,2001.0,Nassenwil,8155
4000643703,SINGLE_HOUSE,M,3660300.0,1100.0,,520.0,11.5,1967.0,Döttingen,5312
4000639653,VILLA,M,,1010.0,,380.0,8.5,1983.0,Origlio,6945
4000639638,BIFAMILIAR_HOUSE,M,1543500.0,485.0,,140.0,7.5,1964.0,Pfeffingen,4148
4000636295,BIFAMILIAR_HOUSE,M,2572500.0,498.0,,490.0,8.5,2024.0,St. Gallenkappel,8735
4000636278,BIFAMILIAR_HOUSE,M,2337300.0,481.0,,360.0,8.5,2024.0,St. Gallenkappel,8735
4000625448,MULTIPLE_DWELLING,M,,493.0,,660.0,37.0,1900.0,Scuol,7554
4000625447,SINGLE_HOUSE,M,1617000.0,517.0,,240.0,8.5,1998.0,Thayngen,8240
4000616215,MULTIPLE_DWELLING,M,1837500.0,1033.0,,460.0,17.5,1975.0,Preonzo,6523
4000530913,SINGLE_HOUSE,S,1749300.0,,,,9.5,,Gontenschwil,5728
4000616174,BIFAMILIAR_HOUSE,M,1822800.0,352.0,,,9.5,,Müllheim Dorf,8555
4000614433,FARM_HOUSE,M,999600.0,767.0,,300.0,9.0,1919.0,Rebstein,9445
4000612942,ROW_HOUSE,M,1969800.0,444.0,,163.0,7.5,1958.0,Riehen,4125
4000611015,SINGLE_HOUSE,M,2028600.0,636.0,,330.0,9.5,1899.0,Romanshorn,8590
4000609060,MULTIPLE_DWELLING,M,7056000.0,863.0,,620.0,,,Uitikon,8142
4000608337,SINGLE_HOUSE,M,,1600.0,,880.0,14.0,2025.0,Collonge-Bellerive,1245
4000600613,TERRACE_HOUSE,M,2062410.0,,,,8.5,2024.0,Endingen,5304
4000586665,VILLA,M,21315000.0,1600.0,,1200.0,19.0,2010.0,Brunnen,6440
4000573291,BIFAMILIAR_HOUSE,M,1396500.0,356.0,,160.0,7.0,1979.0,Rorbas,8427
4000571323,SINGLE_HOUSE,M,2234400.0,768.0,,250.0,9.5,1954.0,Langnau am Albis,8135
4000564188,VILLA,M,3234000.0,756.0,,400.0,11.0,2013.0,Lumino,6533
4000562670,BIFAMILIAR_HOUSE,M,2623950.0,185.0,,220.0,8.5,2024.0,Muttenz,4132
4000460348,BIFAMILIAR_HOUSE,M,1837500.0,341.0,,190.0,9.5,2008.0,Embrach,8424
4000561579,BIFAMILIAR_HOUSE,M,2035950.0,265.0,,230.0,9.0,1962.0,Füllinsdorf,4414
4000558061,BIFAMILIAR_HOUSE,M,2499000.0,462.0,,180.0,9.0,1954.0,Muttenz,4132
4000555940,SINGLE_HOUSE,M,2337300.0,664.0,,250.0,9.5,1982.0,Niederrohrdorf,5443
4000554191,SINGLE_HOUSE,M,,,,1470.0,21.0,1900.0,Montreux,1820
4000552404,BIFAMILIAR_HOUSE,M,727650.0,178.0,,148.0,5.5,1936.0,Neuhausen am Rheinfall,8212
4000548347,BIFAMILIAR_HOUSE,M,4380600.0,364.0,,270.0,9.5,,Männedorf,8708
4000546658,VILLA,M,,1800.0,,1470.0,22.0,2025.0,Cologny,1223
4000545068,VILLA,M,3601500.0,1033.0,,360.0,9.5,1988.0,Worb,3076
4000544343,ROW_HOUSE,M,1837500.0,314.0,,230.0,8.5,1860.0,Theilingen,8484
4000536819,SINGLE_HOUSE,M,3792600.0,492.0,,360.0,9.5,,Hettlingen,8442
4000536463,SINGLE_HOUSE,M,,,,250.0,8.5,2026.0,Zunzgen,4455
4000517651,VILLA,M,6468000.0,1793.0,,220.0,8.5,1960.0,Ronco sopra Ascona,6622
4000503424,ROW_HOUSE,M,1830150.0,,,230.0,9.5,2024.0,Schönenbuch,4124
4000299750,SINGLE_HOUSE,S,3028200.0,,,,,,St. Stephan,3772
4000479928,SINGLE_HOUSE,M,3969000.0,746.0,,290.0,9.5,1979.0,Stallikon,8143
4000479865,MULTIPLE_DWELLING,M,13965000.0,2820.0,,2860.0,,1960.0,Allschwil,4123
4000477483,VILLA,L,2499000.0,,,180.0,8.5,,Lausanne,1012
4000468381,VILLA,M,,2241.0,,,17.5,1918.0,Flawil,9230
4000436672,ROW_HOUSE,L,2572500.0,,,,,,Dietikon,8953
4000453047,SINGLE_HOUSE,M,,,,240.0,8.5,2024.0,Oberwil BL,4104
4000389429,VILLA,S,,584.0,,300.0,8.5,1974.0,Yverdon-les-Bains,1400
4000448444,SINGLE_HOUSE,M,2925300.0,1200.0,,220.0,6.0,1971.0,Buchillon,1164
4000446101,ROW_HOUSE,M,2197650.0,304.0,,280.0,9.0,1994.0,Pfeffingen,4148
4000432695,SINGLE_HOUSE,M,,267.0,,190.0,8.5,1997.0,Steffisburg,3612
4000428673,VILLA,M,2719500.0,1404.0,,290.0,10.0,1971.0,Echandens,1026
4000420150,MULTIPLE_DWELLING,M,7203000.0,1200.0,,,,2024.0,Effingen,5078
4000410777,MULTIPLE_DWELLING,M,,,,,8.5,1980.0,Näfels,8752
4000406237,SINGLE_HOUSE,M,2175600.0,504.0,,163.0,5.5,1974.0,Gordola,6596
4000403509,TERRACE_HOUSE,M,,589.0,,340.0,9.5,1987.0,Meggen,6045
4000396283,MULTIPLE_DWELLING,M,5365500.0,490.0,,700.0,,1856.0,Waldenburg,4437
4000396282,MULTIPLE_DWELLING,M,6174000.0,314.0,,670.0,,,Liestal,4410
4000396281,MULTIPLE_DWELLING,M,5880000.0,1345.0,,1420.0,,1964.0,Küblis,7240
4000396070,MULTIPLE_DWELLING,M,4806900.0,732.0,,1290.0,,1781.0,Herzogenbuchsee,3360
4000396066,MULTIPLE_DWELLING,M,3645600.0,886.0,,1180.0,,1961.0,Le Sentier,1347
4000391026,SINGLE_HOUSE,M,,604.0,,172.0,7.5,1957.0,Attiswil,4536
4000225159,ROW_HOUSE,S,1543500.0,392.0,,170.0,7.5,1970.0,Oberrohrdorf,5452
4000363961,SINGLE_HOUSE,M,1756650.0,362.0,,200.0,9.5,2024.0,Meisterschwanden,5616
4000357037,MULTIPLE_DWELLING,M,3306030.0,712.0,,450.0,18.0,1930.0,Baden,5400
4000355583,SINGLE_HOUSE,M,764400.0,634.0,,145.0,6.0,1970.0,Walliswil bei Wangen,3377
4000354662,BIFAMILIAR_HOUSE,M,2425500.0,356.0,,170.0,7.5,2023.0,Meisterschwanden,5616
4000354385,SINGLE_HOUSE,M,4042500.0,622.0,,300.0,9.5,2023.0,Meisterschwanden,5616
4000354116,SINGLE_HOUSE,M,,1175.0,,230.0,9.5,1936.0,Braunwald,8784
4000337170,BIFAMILIAR_HOUSE,M,0.0,176.0,,170.0,8.5,1844.0,Vella,7144
4000322143,SINGLE_HOUSE,M,,,,240.0,8.5,,Beringen,8222
4000321856,SINGLE_HOUSE,M,2425500.0,393.0,,310.0,11.0,2023.0,Beringen,8222
4000321827,BIFAMILIAR_HOUSE,M,1822800.0,367.0,,220.0,8.5,2023.0,Beringen,8222
4000284024,SINGLE_HOUSE,M,2347590.0,367.0,,250.0,9.5,2024.0,Stadel,8174
4000275792,SINGLE_HOUSE,M,2352000.0,72.0,,,14.0,1985.0,Brugg AG,5200
4000244571,MULTIPLE_DWELLING,M,,,,820.0,22.0,,Pontresina,7504
4000222824,SINGLE_HOUSE,M,,633.0,,250.0,8.5,1996.0,Hochfelden,8182
3003557749,ROW_HOUSE,M,1146600.0,,,220.0,8.5,1999.0,Rebstein,9445
4000205124,VILLA,M,3263400.0,1097.0,,490.0,10.0,1985.0,Hofstetten SO,4114
4000181476,VILLA,M,,1592.0,,660.0,17.0,1996.0,Uetikon am See,8707
4000155092,SINGLE_HOUSE,M,2344650.0,768.0,,290.0,9.5,2007.0,Untereggen,9033
3003547979,BIFAMILIAR_HOUSE,M,1984500.0,171.0,,170.0,5.5,2023.0,Dietlikon,8305
3003539409,MULTIPLE_DWELLING,M,1675800.0,338.0,,,,,Klingnau,5313
3003529675,SINGLE_HOUSE,M,1249500.0,835.0,,190.0,10.0,1953.0,Selzach,2545
3003529254,SINGLE_HOUSE,M,2646000.0,582.0,,340.0,7.0,1965.0,Pont-en-Ogoz,1644
3003453178,SINGLE_HOUSE,M,,814.0,,410.0,12.5,2002.0,Mettmenstetten,8932
3003449222,MULTIPLE_DWELLING,M,1367100.0,,,,,1911.0,Novazzano,6883
3003440211,SINGLE_HOUSE,M,2609250.0,686.0,,400.0,13.5,1900.0,Dierikon,6036
3003439767,MULTIPLE_DWELLING,M,17640000.0,291.0,,2530.0,,1964.0,Biel (BE),2503
3003374002,SINGLE_HOUSE,M,1881600.0,100.0,,250.0,8.5,,Morcote,6922
3003371308,BIFAMILIAR_HOUSE,M,3454500.0,404.0,,290.0,8.5,2024.0,Grüt (Gossau ZH),8624
3003366102,MULTIPLE_DWELLING,M,2778300.0,510.0,,410.0,13.5,1903.0,Oberwil,4104
3003336848,SINGLE_HOUSE,M,3226650.0,703.0,,280.0,9.5,2019.0,Uetliburg,8738
3003296866,VILLA,M,5145000.0,,,,8.5,2024.0,Gentilino,6925
3003243010,VILLA,M,,575.0,,470.0,9.5,,Zürich,8032
3003224738,SINGLE_HOUSE,M,1018710.0,1135.0,,220.0,7.0,1967.0,Movelier,2812
3003071248,SINGLE_HOUSE,S,2087400.0,1100.0,,290.0,9.5,2007.0,Le Landeron,2525
3002831361,BIFAMILIAR_HOUSE,M,2572500.0,200.0,,230.0,8.5,2023.0,Reinach,4153
3002804818,MULTIPLE_DWELLING,M,,446.0,,410.0,,,Merligen,3658
3002750786,SINGLE_HOUSE,M,4924500.0,1130.0,,460.0,11.5,2003.0,Pfeffingen,4148
3002600970,MULTIPLE_DWELLING,M,5365500.0,1147.0,,1420.0,,1790.0,Oberkulm,5727
3002569661,VILLA,M,,800.0,,440.0,12.5,2024.0,Wollerau,8832
3002335393,MULTIPLE_DWELLING,M,926100.0,898.0,,980.0,37.0,1889.0,Walenstadtberg,8881
3002309210,SINGLE_HOUSE,M,2704800.0,,,180.0,8.5,2024.0,Hombrechtikon,8634
3002152073,SINGLE_HOUSE,L,2160900.0,508.0,,230.0,8.5,2023.0,Kaisten,5082
3002067765,SINGLE_HOUSE,M,25725000.0,2834.0,,1610.0,22.0,2022.0,Crans-Montana,3963
3002055295,BIFAMILIAR_HOUSE,M,1359750.0,431.0,,180.0,7.5,2023.0,Thalheim AG,5112
3001989341,CHALET,M,,,,1320.0,12.5,,Rougemont,1659
3001909378,VILLA,M,6541500.0,2100.0,,730.0,18.0,1930.0,Jouxtens-Mézery,1008
3000822788,MULTIPLE_DWELLING,S,73500.0,,,,,1965.0,St. Gallen,9000
3001678086,ROW_HOUSE,M,1734600.0,,,290.0,8.5,2023.0,Näfels,8752
3001118202,CHALET,M,14699980.0,1691.0,,820.0,13.5,2010.0,La Brévine,2406
4000726703,ROW_HOUSE,M,1176000.0,590.0,,230.0,9.5,1992.0,Rickenbach LU,6221
4000830785,SINGLE_HOUSE,L,801150.0,2267.0,,290.0,11.5,1900.0,Buix,2925
4000829823,ROW_HOUSE,L,2469600.0,628.0,,200.0,9.5,1983.0,Jona,8645
4000829802,MULTIPLE_DWELLING,L,2006550.0,661.0,,410.0,14.0,1996.0,Oberbuchsiten,4625
4000829224,ROW_HOUSE,L,1249500.0,,,330.0,9.5,,Avenches,1580
4000825663,SINGLE_HOUSE,L,1455300.0,686.0,,180.0,8.5,1953.0,Aarau,5000
4000811567,BIFAMILIAR_HOUSE,L,937860.0,467.0,,140.0,7.5,1963.0,Lommiswil,4514
4000795706,BIFAMILIAR_HOUSE,L,1021650.0,466.0,,180.0,,,Chénens,1744
4000795702,BIFAMILIAR_HOUSE,L,1021650.0,466.0,,180.0,,,Chénens,1744
4000761471,SINGLE_HOUSE,L,1021650.0,105.0,,220.0,9.0,1900.0,Zufikon,5621
4000751371,SINGLE_HOUSE,L,2344650.0,,,190.0,7.5,2004.0,Rümlang,8153
4000686714,MULTIPLE_DWELLING,L,0.0,428.0,,200.0,,1960.0,Eschenbach SG,8733
4000571320,SINGLE_HOUSE,L,1821330.0,835.0,,270.0,7.0,2005.0,Villars-Burquin,1423
4000226179,SINGLE_HOUSE,L,3013500.0,839.0,,270.0,9.0,1963.0,Stallikon,8143
3003501389,MULTIPLE_DWELLING,L,2572500.0,550.0,,460.0,,1883.0,Rickenbach LU,6221
4000830817,SINGLE_HOUSE,L,874650.0,204.0,,170.0,7.5,1960.0,Krauchthal,3326
4000830816,SINGLE_HOUSE,L,874650.0,185.0,,170.0,7.5,1960.0,Krauchthal,3326
4000795708,BIFAMILIAR_HOUSE,L,1903650.0,367.0,,260.0,9.5,2023.0,Le Landeron,2525
4000700710,SINGLE_HOUSE,L,2484300.0,1007.0,,390.0,11.5,1984.0,Sarmenstorf,5614
4000666504,BIFAMILIAR_HOUSE,L,1646400.0,297.0,,250.0,9.5,2015.0,Gelterkinden,4460
4000518693,ROW_HOUSE,L,1462650.0,250.0,,240.0,8.5,1996.0,Yverdon-les-Bains,1400
4000502731,BIFAMILIAR_HOUSE,L,1249500.0,153.0,,190.0,8.5,1900.0,Nuglar,4412
4000497566,ROW_HOUSE,L,1749300.0,364.0,,180.0,8.5,1965.0,Dietikon,8953
4000469948,BIFAMILIAR_HOUSE,L,2425500.0,354.0,,250.0,8.5,1994.0,Dietikon,8953
4000454177,SINGLE_HOUSE,L,1999200.0,757.0,,230.0,9.5,2004.0,Dickbuch,8354
4000397042,SINGLE_HOUSE,L,911400.0,603.0,,180.0,9.5,1962.0,Oberbuchsiten,4625
4000339681,BIFAMILIAR_HOUSE,L,3675000.0,1713.0,,430.0,12.5,1750.0,Untersiggenthal,5417
4000288556,SINGLE_HOUSE,L,1690500.0,729.0,,540.0,9.5,1928.0,Lotzwil,4932
3003485589,SINGLE_HOUSE,L,939330.0,281.0,,430.0,9.0,1888.0,Brugg AG,5200
3003446010,BIFAMILIAR_HOUSE,L,1896300.0,361.0,,310.0,8.5,1991.0,Niederlenz,5702
4000832968,SINGLE_HOUSE,L,1690500.0,277.0,,240.0,8.5,2024.0,Berg TG,8572
4000832544,BIFAMILIAR_HOUSE,L,1837500.0,979.0,,150.0,7.5,1898.0,Würenlos,5436
4000830814,SINGLE_HOUSE,L,955500.0,363.0,,170.0,7.5,1960.0,Krauchthal,3326
4000830784,SINGLE_HOUSE,L,801150.0,2267.0,,290.0,11.5,1900.0,Buix,2925
4000829218,SINGLE_HOUSE,L,1246560.0,1066.0,,170.0,8.5,1957.0,Enggistein,3077
4000828623,ROW_HOUSE,L,952560.0,,,170.0,8.5,,Safnern,2553
4000828560,SINGLE_HOUSE,L,1161300.0,342.0,,,7.5,1963.0,Bad Zurzach,5330
4000824846,SINGLE_HOUSE,L,1543500.0,758.0,,360.0,8.5,1923.0,Monthey,1870
4000816670,BIFAMILIAR_HOUSE,L,1786050.0,570.0,,250.0,7.5,2025.0,Thierachern,3634
4000816664,BIFAMILIAR_HOUSE,L,1690500.0,480.0,,250.0,7.5,2025.0,Thierachern,3634
4000816649,SINGLE_HOUSE,L,1455300.0,283.0,,290.0,9.5,1993.0,Bösingen,3178
4000814886,FARM_HOUSE,L,1205400.0,1928.0,,190.0,13.0,1900.0,Leuggern,5316
4000807058,ROW_HOUSE,L,1396500.0,,,240.0,8.5,2000.0,Stettlen,3066
4000792243,SINGLE_HOUSE,L,1911000.0,390.0,,300.0,8.5,1990.0,Nusshof,4453
4000783332,ROW_HOUSE,L,1014300.0,,,,8.5,2019.0,Buchackern,8586
4000781085,SINGLE_HOUSE,L,1396500.0,752.0,,190.0,8.5,1978.0,Wilchingen,8217
4000771499,SINGLE_HOUSE,L,882000.0,545.0,,170.0,8.5,1941.0,Etziken,4554
4000771497,BIFAMILIAR_HOUSE,L,1396500.0,621.0,,330.0,13.0,1890.0,Arch,3296
4000771485,SINGLE_HOUSE,L,3660300.0,404.0,,220.0,9.5,1934.0,Zürich,8041
4000767424,SINGLE_HOUSE,L,2197650.0,560.0,,290.0,8.5,2012.0,Bad Ragaz,7310
4000761246,SINGLE_HOUSE,L,1248030.0,389.0,,180.0,7.5,2013.0,Egerkingen,4622
4000726656,SINGLE_HOUSE,L,1168650.0,176.0,,200.0,8.5,2004.0,Burgdorf,3400
4000713186,BIFAMILIAR_HOUSE,L,2205000.0,329.0,,240.0,8.5,1993.0,Lauerz,6424
4000700548,MULTIPLE_DWELLING,L,2491650.0,1484.0,,,,1986.0,Chénens,1744
4000700547,MULTIPLE_DWELLING,L,2491650.0,1484.0,,,,1986.0,Chénens,1744
4000699965,ROW_HOUSE,L,1176000.0,192.0,,140.0,8.5,1969.0,Aesch BL,4147
4000698103,SINGLE_HOUSE,L,2058000.0,403.0,,290.0,11.5,1908.0,Wald ZH,8636
4000698023,SINGLE_HOUSE,L,1984500.0,1026.0,,180.0,7.5,2018.0,Schleitheim,8226
4000695794,BIFAMILIAR_HOUSE,L,2910600.0,499.0,,250.0,8.5,1984.0,Hombrechtikon,8634
4000671801,BIFAMILIAR_HOUSE,L,808500.0,495.0,,140.0,8.5,1966.0,Bannwil,4913
4000671800,BIFAMILIAR_HOUSE,L,1161300.0,502.0,,250.0,11.5,1963.0,Bannwil,4913
4000670022,BIFAMILIAR_HOUSE,L,1793400.0,,,140.0,7.5,,Reinach,4153
4000669945,SINGLE_HOUSE,L,3675000.0,809.0,,230.0,9.0,1968.0,Wädenswil,8820
4000666180,SINGLE_HOUSE,L,1323000.0,506.0,,170.0,8.5,1993.0,Münchwilen TG,9542
4000660069,ROW_HOUSE,L,1793400.0,393.0,,180.0,7.5,1997.0,Ebikon,6030
4000651589,SINGLE_HOUSE,L,4093950.0,820.0,,260.0,8.5,1980.0,Gockhausen,8044
4000637882,ROW_HOUSE,L,1293600.0,,,270.0,8.5,2023.0,Cressier FR,1785
4000637881,ROW_HOUSE,L,1293600.0,,,270.0,8.5,2023.0,Cressier FR,1785
4000633233,ROW_HOUSE,L,1425900.0,228.0,,570.0,14.0,1600.0,Laufenburg,5080
4000633230,ROW_HOUSE,L,1837500.0,203.0,,210.0,8.5,2006.0,Worb,3076
4000624770,SINGLE_HOUSE,L,676200.0,370.0,,220.0,9.5,1890.0,Aarwangen,4912
4000601209,BIFAMILIAR_HOUSE,L,1470000.0,400.0,,140.0,7.5,1986.0,Gerolfingen,2575
4000589456,BIFAMILIAR_HOUSE,L,1786050.0,570.0,,250.0,7.5,2025.0,Thierachern,3634
4000563563,SINGLE_HOUSE,L,1896300.0,839.0,,300.0,11.0,2020.0,Oberbuchsiten,4625
4000536360,FARM_HOUSE,L,1734600.0,1469.0,,360.0,7.0,1761.0,Le Locle,2400
4000535861,ROW_HOUSE,L,1271550.0,139.0,,230.0,9.5,2004.0,Lätti,3053
4000502611,SINGLE_HOUSE,L,1911000.0,541.0,,220.0,8.5,2004.0,Tschingel ob Gunten,3656
4000486758,SINGLE_HOUSE,L,4336500.0,535.0,,330.0,9.5,2000.0,Volketswil,8604
4000478879,BIFAMILIAR_HOUSE,L,1984500.0,414.0,,220.0,8.5,1985.0,Killwangen,8956
4000478876,SINGLE_HOUSE,L,1455300.0,859.0,,220.0,11.5,1967.0,Busswil TG,8371
4000478875,SINGLE_HOUSE,L,3381000.0,,,250.0,9.5,,Altendorf,8852
4000478873,BIFAMILIAR_HOUSE,L,1161300.0,231.0,,140.0,7.5,1923.0,Bern,3007
4000436683,SINGLE_HOUSE,L,1749300.0,2007.0,,290.0,11.5,1982.0,Schleitheim,8226
4000424015,ROW_HOUSE,L,2425500.0,66.0,,127.0,3.0,1899.0,Zürich,8003
4000391834,SINGLE_HOUSE,L,1793400.0,601.0,,240.0,9.5,1955.0,Windisch,5210
4000358170,SINGLE_HOUSE,L,1455300.0,283.0,,290.0,9.5,1993.0,Bösingen,3178
4000349260,ROW_HOUSE,L,1014300.0,,,220.0,8.5,1975.0,Wittnau,5064
4000315456,SINGLE_HOUSE,L,2337300.0,1901.0,,310.0,9.0,2000.0,Kyburg-Buchegg,4586
4000293349,SINGLE_HOUSE,L,1364160.0,412.0,,240.0,9.0,2009.0,Riva San Vitale,6826
4000271672,BIFAMILIAR_HOUSE,L,1161300.0,,,190.0,7.5,,Fribourg,1700
4000271670,BIFAMILIAR_HOUSE,L,1161300.0,,,190.0,7.5,,Fribourg,1700
4000242428,SINGLE_HOUSE,L,2572500.0,480.0,,250.0,8.5,1999.0,Erlinsbach,5018
4000226187,SINGLE_HOUSE,L,1896300.0,828.0,,350.0,9.0,2001.0,Brügg BE,2555
4000202098,BIFAMILIAR_HOUSE,L,2646000.0,773.0,,360.0,9.5,1985.0,Lausanne 26,1000
4000192352,ROW_HOUSE,L,1176000.0,186.0,,157.0,7.5,1967.0,Reinach BL,4153
4000164260,SINGLE_HOUSE,L,2058000.0,2263.0,,420.0,14.0,1898.0,Lampenberg,4432
4000133341,SINGLE_HOUSE,L,1102500.0,1469.0,,146.0,7.5,1970.0,Bolken,4556
3003465251,SINGLE_HOUSE,L,1896300.0,910.0,,220.0,,1981.0,Tobel-Tägerschen,9555
3003377674,SINGLE_HOUSE,L,1396500.0,1181.0,,290.0,11.5,1967.0,Sierre,3960
3002327821,SINGLE_HOUSE,L,2925300.0,965.0,,270.0,11.0,1989.0,Kreuzlingen,8280
3001845800,VILLA,L,5292000.0,1110.0,,510.0,11.0,2002.0,Stettfurt,9507
4000830780,BIFAMILIAR_HOUSE,L,2131500.0,530.0,,360.0,9.5,1978.0,St-Légier-La Chiésaz,1806
4000830776,BIFAMILIAR_HOUSE,L,3660300.0,686.0,,260.0,9.5,2001.0,Vandoeuvres,1253
4000830775,SINGLE_HOUSE,L,1617000.0,721.0,,160.0,8.5,1984.0,Thielle,2075
4000829822,BIFAMILIAR_HOUSE,L,1881600.0,302.0,,300.0,8.5,2004.0,Weesen,8872
4000829401,SINGLE_HOUSE,L,1455300.0,,,250.0,8.5,1964.0,Evilard,2533
4000829398,SINGLE_HOUSE,L,1315650.0,,,330.0,11.5,,Grenchen,2540
4000829396,SINGLE_HOUSE,L,1102500.0,,,330.0,9.5,1975.0,Vauffelin,2537
4000829393,ROW_HOUSE,L,1073100.0,,,180.0,8.5,,Lengnau BE,2543
4000828904,SINGLE_HOUSE,L,1315650.0,863.0,,160.0,5.5,2008.0,Büetigen,3263
4000827096,VILLA,L,8232000.0,,,730.0,11.5,,Muzzano,6933
4000826381,SINGLE_HOUSE,L,1911000.0,641.0,,170.0,7.5,1962.0,Porto Ronco,6613
4000825665,SINGLE_HOUSE,L,2190300.0,1018.0,,350.0,13.5,2013.0,Villars-Burquin,1423
4000825664,ROW_HOUSE,L,735000.0,255.0,,300.0,8.5,1991.0,Le Château-de-Ste-Croix,1450
4000825658,ROW_HOUSE,L,3601500.0,1152.0,,400.0,9.5,1987.0,Coppet,1296
4000825655,SINGLE_HOUSE,L,1896300.0,1107.0,,280.0,11.0,1890.0,Tenniken,4456
4000825654,SINGLE_HOUSE,L,1102500.0,848.0,,240.0,9.5,1978.0,Vionnaz,1895
4000824240,SINGLE_HOUSE,L,1896300.0,1040.0,,260.0,11.5,1970.0,Hinterkappelen,3032
4000821770,SINGLE_HOUSE,L,2190300.0,,,270.0,7.5,2020.0,Lavertezzo,6595
4000817643,ROW_HOUSE,L,1381800.0,304.0,,170.0,7.5,2012.0,Sirnach,8370
4000817642,SINGLE_HOUSE,L,1095150.0,440.0,,250.0,10.0,1908.0,Bettwiesen,9553
4000814463,SINGLE_HOUSE,L,2778300.0,636.0,,300.0,11.5,1915.0,Grosshöchstetten,3506
4000813707,SINGLE_HOUSE,L,0.0,1369.0,,290.0,9.5,1997.0,Ropraz,1088
4000813702,ROW_HOUSE,L,1174530.0,200.0,,500.0,9.5,1970.0,Bad Zurzach,5330
4000813700,SINGLE_HOUSE,L,4189500.0,420.0,,280.0,11.5,2023.0,Reinach BL,4153
4000813698,SINGLE_HOUSE,L,1234800.0,564.0,,260.0,13.5,1938.0,Niedergösgen,5013
4000813580,SINGLE_HOUSE,L,4704000.0,1610.0,,460.0,12.5,1977.0,Affoltern am Albis,8910
4000811637,SINGLE_HOUSE,L,1749300.0,525.0,,310.0,9.5,1833.0,Maggia,6673
4000811416,BIFAMILIAR_HOUSE,L,2205000.0,209.0,,220.0,9.0,1988.0,Schwyz,6430
4000810957,BIFAMILIAR_HOUSE,L,1989490.0,321.0,,200.0,8.5,2012.0,Birmenstorf AG,5413
4000810740,SINGLE_HOUSE,L,3160500.0,2046.0,,680.0,9.5,1981.0,Vilters,7324
4000808336,BIFAMILIAR_HOUSE,L,1793400.0,373.0,,250.0,11.5,2000.0,Rothrist,4852
4000808329,SINGLE_HOUSE,L,1396500.0,800.0,,180.0,7.5,2018.0,Nax,1973
4000808328,SINGLE_HOUSE,L,1911000.0,1218.0,,330.0,7.5,1988.0,Carrouge,1084
4000808327,SINGLE_HOUSE,L,1808100.0,870.0,,220.0,5.5,2009.0,Vuadens,1628
4000808325,SINGLE_HOUSE,L,4483500.0,717.0,,250.0,8.5,1927.0,Lausanne,1005
4000808324,SINGLE_HOUSE,L,2521050.0,542.0,,200.0,7.5,1997.0,Schönenbuch,4124
4000803113,ROW_HOUSE,L,2190300.0,350.0,,290.0,9.5,2021.0,Sullens,1036
4000802507,VILLA,L,3351600.0,768.0,,410.0,14.0,1860.0,Arnex-sur-Nyon,1277
4000802442,SINGLE_HOUSE,L,2182950.0,355.0,,180.0,7.5,2014.0,Reute AR,9411
4000802415,SINGLE_HOUSE,L,0.0,544.0,,161.0,7.5,1982.0,Altstätten SG,9450
4000802408,SINGLE_HOUSE,L,1462650.0,505.0,,230.0,7.5,1986.0,Walzenhausen,9428
4000802389,BIFAMILIAR_HOUSE,L,573300.0,678.0,,,7.0,1750.0,Reutigen,3647
4000835335,SINGLE_HOUSE,L,1653750.0,768.0,,360.0,9.5,1991.0,Vétroz,1963
4000798826,SINGLE_HOUSE,L,1749300.0,502.0,,240.0,11.5,1946.0,Luterbach,4542
4000798740,MULTIPLE_DWELLING,L,1392090.0,898.0,,,,1958.0,Erlenbach im Simmental,3762
4000797998,SINGLE_HOUSE,L,2307900.0,837.0,,350.0,7.0,2021.0,Les Paccots,1619
4000796448,ROW_HOUSE,L,2388750.0,172.0,,230.0,8.5,,Wiesendangen,8542
4000796447,ROW_HOUSE,L,2388750.0,,,,8.5,,Wiesendangen,8542
4000796432,SINGLE_HOUSE,L,0.0,606.0,,360.0,9.5,1960.0,Widnau,9443
4000796049,SINGLE_HOUSE,L,1837500.0,595.0,,220.0,9.5,1961.0,Herisau,9100
4000795707,BIFAMILIAR_HOUSE,L,1903650.0,367.0,,260.0,9.5,2023.0,Le Landeron,2525
4000792682,BIFAMILIAR_HOUSE,L,1323000.0,400.0,,270.0,8.5,1987.0,Port,2562
4000792678,SINGLE_HOUSE,L,2043300.0,925.0,,310.0,,1975.0,Gränichen,5722
4000788461,SINGLE_HOUSE,L,1793400.0,848.0,,180.0,7.5,1959.0,Brissago,6614
4000788211,SINGLE_HOUSE,L,1315650.0,1140.0,,470.0,11.0,1950.0,Le Bry,1645
4000788210,SINGLE_HOUSE,L,955500.0,96.0,,380.0,9.0,1935.0,Bouveret,1897
4000788208,SINGLE_HOUSE,L,1029000.0,530.0,,170.0,5.5,1953.0,Grenchen,2540
4000786472,SINGLE_HOUSE,L,2050650.0,890.0,,310.0,8.5,2018.0,Aproz (Nendaz),1994
4000782895,BIFAMILIAR_HOUSE,L,999600.0,624.0,,390.0,13.0,1902.0,Fleurier,2114
4000782894,SINGLE_HOUSE,L,1425900.0,795.0,,730.0,12.5,1988.0,Choëx,1871
4000782890,SINGLE_HOUSE,L,1764000.0,1431.0,,250.0,7.5,1970.0,Blonay,1807
4000782849,SINGLE_HOUSE,L,1749300.0,959.0,,220.0,9.5,2006.0,Sévaz,1541
4000782848,ROW_HOUSE,L,1506750.0,431.0,,290.0,9.5,1900.0,Lignerolle,1357
4000782370,SINGLE_HOUSE,L,1903650.0,465.0,,250.0,8.5,2023.0,Rietheim,5323
4000782088,CHALET,L,3087000.0,625.0,,330.0,8.5,2009.0,Chandolin,3961
4000781468,SINGLE_HOUSE,L,1528800.0,1021.0,,160.0,7.5,2023.0,Erlinsbach SO,5015
4000775436,MULTIPLE_DWELLING,L,0.0,1349.0,,380.0,15.5,1840.0,Aranno,6994
4000772575,SINGLE_HOUSE,L,1940400.0,330.0,,280.0,8.5,2001.0,Gordola,6596
4000771639,ROW_HOUSE,L,5292000.0,480.0,,160.0,7.5,1931.0,Zürich,8057
4000771486,SINGLE_HOUSE,L,1381800.0,733.0,,240.0,9.5,1973.0,Muhen,5037
4000771484,SINGLE_HOUSE,L,1587600.0,768.0,,220.0,9.0,1971.0,Gorgier,2023
4000771483,BIFAMILIAR_HOUSE,L,1719900.0,240.0,,220.0,7.5,2016.0,Yverdon-les-Bains,1400
4000769088,SINGLE_HOUSE,L,2638650.0,390.0,,230.0,9.0,1900.0,Bern,3013
4000767430,SINGLE_HOUSE,L,1609650.0,381.0,,330.0,13.0,1902.0,Neuchâtel,2000
4000767429,SINGLE_HOUSE,L,2043300.0,588.0,,330.0,8.5,2014.0,Marsens,1633
4000767428,SINGLE_HOUSE,L,1396500.0,,,390.0,,1957.0,Les Geneveys-sur-Coffrane,2206
4000767425,BIFAMILIAR_HOUSE,L,1837500.0,492.0,,240.0,9.5,2005.0,Matzingen,9548
4000762412,BIFAMILIAR_HOUSE,L,1543500.0,748.0,,280.0,7.5,2017.0,Sédeilles,1554
4000762331,SINGLE_HOUSE,L,1021650.0,323.0,,360.0,14.0,1880.0,Ollon VD,1867
4000762329,ROW_HOUSE,L,1102500.0,35.0,,250.0,8.5,1820.0,Provence,1428
4000755699,SINGLE_HOUSE,L,1749300.0,1636.0,,390.0,15.0,1954.0,Niederstocken,3632
4000755548,ROW_HOUSE,L,1631700.0,100.0,,180.0,7.5,2010.0,Perroy,1166
4000754928,VILLA,L,4336500.0,2208.0,,340.0,11.5,1930.0,Brione sopra Minusio,6645
4000754927,VILLA,L,2866500.0,1660.0,,340.0,11.5,1930.0,Brione sopra Minusio,6645
4000754706,VILLA,L,2322600.0,1298.0,,310.0,11.5,1990.0,Lodrino,6527
4000753590,VILLA,L,4851000.0,895.0,,800.0,17.0,1975.0,Brione sopra Minusio,6645
4000752711,SINGLE_HOUSE,L,0.0,538.0,,220.0,8.5,2008.0,Bettwiesen,9553
4000752710,SINGLE_HOUSE,L,1756650.0,1201.0,,190.0,8.5,1947.0,Steckborn,8266
4000752707,SINGLE_HOUSE,L,1837500.0,491.0,,240.0,8.5,1988.0,Basadingen,8254
4000746272,SINGLE_HOUSE,L,2587200.0,1071.0,,300.0,9.5,1969.0,Wohlen AG,5610
4000746268,ROW_HOUSE,L,1565550.0,260.0,,180.0,7.5,2019.0,Attalens,1616
4000746267,ROW_HOUSE,L,2785650.0,371.0,,240.0,8.5,1945.0,Cartigny,1236
4000746266,ROW_HOUSE,L,2425500.0,399.0,,290.0,8.5,2010.0,Penthaz,1303
4000746026,ROW_HOUSE,L,3275160.0,295.0,,350.0,11.5,1989.0,Volketswil,8604
4000744643,SINGLE_HOUSE,L,4630500.0,560.0,,350.0,11.5,2018.0,St-Légier-La Chiésaz,1806
4000744566,SINGLE_HOUSE,L,874650.0,461.0,,159.0,7.5,1957.0,Muhen,5037
4000744311,SINGLE_HOUSE,L,882000.0,398.0,,220.0,11.0,1779.0,Niederteufen,9052
4000743940,SINGLE_HOUSE,L,1837500.0,427.0,,240.0,11.5,1981.0,Bronschhofen,9552
4000743760,SINGLE_HOUSE,L,0.0,855.0,,,,2005.0,Ulrichen,3988
4000743737,SINGLE_HOUSE,L,1411200.0,598.0,,190.0,9.5,1980.0,Marbach SG,9437
4000741968,SINGLE_HOUSE,L,808500.0,809.0,,140.0,7.5,1900.0,Meiringen,3860
4000735392,SINGLE_HOUSE,L,1345050.0,729.0,,250.0,7.5,2000.0,Misery,1721
4000735389,SINGLE_HOUSE,L,1102500.0,1140.0,,290.0,9.5,2003.0,Court,2738
4000735110,SINGLE_HOUSE,L,1440600.0,234.0,,,8.5,1991.0,Brig,3900
4000734936,ROW_HOUSE,L,1462650.0,411.0,,220.0,7.5,1980.0,Lyss,3250
4000729622,SINGLE_HOUSE,L,1690500.0,650.0,,230.0,9.5,2014.0,Cremin,1526
4000729600,BIFAMILIAR_HOUSE,L,1256850.0,681.0,,200.0,8.5,1988.0,Halden,9223
4000725074,ROW_HOUSE,L,2043300.0,500.0,,230.0,9.5,1992.0,Penthalaz,1305
4000724031,SINGLE_HOUSE,L,1168650.0,3301.0,,310.0,11.5,1573.0,Oberbuchsiten,4625
4000722691,SINGLE_HOUSE,L,1065750.0,689.0,,340.0,9.5,1962.0,St-Léonard,1958
4000719604,SINGLE_HOUSE,L,1389150.0,180.0,,190.0,8.5,1994.0,Niederwil,5524
4000719456,SINGLE_HOUSE,L,1249500.0,912.0,,190.0,8.5,1960.0,Diepflingen,4442
4000719433,SINGLE_HOUSE,L,3381000.0,1554.0,,630.0,21.0,1930.0,Arzier-Le Muids,1273
4000719432,SINGLE_HOUSE,L,3895500.0,6600.0,,440.0,10.0,1958.0,La Chaux-de-Fonds,2300
4000719431,SINGLE_HOUSE,L,1161300.0,1100.0,,290.0,8.5,1986.0,Les Breuleux,2345
4000719429,BIFAMILIAR_HOUSE,L,2499000.0,758.0,,290.0,11.0,1850.0,Orpund,2552
4000717520,SINGLE_HOUSE,L,2778300.0,841.0,,470.0,11.0,1996.0,Berg,8572
4000714180,CHALET,L,2572500.0,1072.0,,310.0,9.5,2006.0,Haute-Nendaz,1997
4000714127,CHALET,L,5225850.0,760.0,,380.0,9.5,2023.0,Grimentz,3961
4000714120,SINGLE_HOUSE,L,2058000.0,5119.0,,760.0,17.0,1929.0,St-Jean VS,3961
4000714115,CHALET,L,2601900.0,452.0,,280.0,11.0,2004.0,St-Luc,3961
4000713474,FARM_HOUSE,L,1323000.0,2000.0,,290.0,13.0,1900.0,Riffenmatt,3156
4000713472,ROW_HOUSE,L,2205000.0,240.0,,260.0,8.5,1986.0,La Conversion,1093
4000713465,ROW_HOUSE,L,2778300.0,263.0,,260.0,9.5,2002.0,Collex,1239
4000713296,SINGLE_HOUSE,L,808500.0,624.0,,170.0,8.5,1957.0,Ufhusen,6153
4000712776,SINGLE_HOUSE,L,2631300.0,548.0,,220.0,8.5,1915.0,Frauenfeld,8500
4000710956,SINGLE_HOUSE,L,1264200.0,598.0,,190.0,11.5,1955.0,Niedergösgen,5013
4000710955,SINGLE_HOUSE,L,1264200.0,598.0,,190.0,11.5,1955.0,Niedergösgen,5013
4000710104,SINGLE_HOUSE,L,1543500.0,,,170.0,9.5,1994.0,Paspels,7417
4000707703,ROW_HOUSE,L,1734600.0,301.0,,200.0,8.5,1998.0,St. Gallenkappel,8735
4000703459,BIFAMILIAR_HOUSE,L,2910600.0,409.0,,250.0,9.5,1983.0,Ittigen,3063
4000700704,FARM_HOUSE,L,2131500.0,1876.0,,1000.0,8.5,1850.0,Cugy VD,1053
4000700698,SINGLE_HOUSE,L,2499000.0,405.0,,300.0,8.5,2010.0,Oberrohrdorf,5452
4000700697,SINGLE_HOUSE,L,2055060.0,503.0,,280.0,9.5,2023.0,Niederbipp,4704
4000700695,SINGLE_HOUSE,L,2910600.0,754.0,,190.0,11.5,1973.0,Glattfelden,8192
4000695798,ROW_HOUSE,L,1462650.0,141.0,,180.0,7.5,1998.0,Spreitenbach,8957
4000690900,SINGLE_HOUSE,L,1315650.0,133.0,,280.0,9.5,1993.0,Buch am Irchel,8414
4000687080,SINGLE_HOUSE,L,948150.0,605.0,,160.0,8.5,1964.0,Oberegg,9413
4000686930,SINGLE_HOUSE,L,1690500.0,574.0,,180.0,8.5,1990.0,Contra,6646
4000686760,BIFAMILIAR_HOUSE,L,1095150.0,276.0,,220.0,8.5,2008.0,Veltheim AG,5106
4000686759,SINGLE_HOUSE,L,1609650.0,1083.0,,290.0,15.5,1957.0,Reinach,5734
4000685569,SINGLE_HOUSE,L,1455300.0,946.0,,300.0,8.5,1990.0,Cugy FR,1482
4000685553,SINGLE_HOUSE,L,764400.0,997.0,,150.0,5.5,1976.0,La Sagne,2314
4000683755,CHALET,L,0.0,82.0,,,6.0,1894.0,Geschinen,3985
4000683570,SINGLE_HOUSE,L,1455300.0,437.0,,400.0,10.0,1850.0,Hemishofen,8261
4000680994,MULTIPLE_DWELLING,L,0.0,710.0,,,23.0,,Saxon,1907
4000680991,ROW_HOUSE,L,1102500.0,325.0,,170.0,7.5,1993.0,Fontaines,2046
4000676413,BIFAMILIAR_HOUSE,L,2704800.0,463.0,,240.0,9.5,2007.0,Buchs ZH,8107
4000675175,SINGLE_HOUSE,L,970200.0,625.0,,140.0,8.5,1974.0,Flumenthal,4534
4000671792,SINGLE_HOUSE,L,3528000.0,2427.0,,300.0,10.0,1972.0,Bettlach,2544
4000671789,ROW_HOUSE,L,2205000.0,156.0,,170.0,8.5,1994.0,Brunnen,6440
4000666517,FARM_HOUSE,L,867300.0,1633.0,,350.0,13.0,1880.0,Reconvilier,2732
4000666515,SINGLE_HOUSE,L,1815450.0,846.0,,250.0,9.5,2010.0,Grolley,1772
4000666514,CHALET,L,911400.0,1477.0,,140.0,7.5,1907.0,Les Posses-sur-Bex,1880
4000666509,SINGLE_HOUSE,L,1896300.0,880.0,,250.0,9.5,1974.0,Chesalles-sur-Oron,1608
4000666507,ROW_HOUSE,L,1087800.0,223.0,,300.0,9.5,1994.0,Full-Reuenthal,5324
4000666501,SINGLE_HOUSE,L,1734600.0,997.0,,280.0,9.5,1979.0,Neyruz,1740
4000666500,MULTIPLE_DWELLING,L,1080450.0,308.0,,,14.0,1902.0,Les Ponts-de-Martel,2316
4000660060,BIFAMILIAR_HOUSE,L,1440600.0,465.0,,190.0,8.5,1972.0,Villmergen,5612
4000660059,SINGLE_HOUSE,L,1543500.0,845.0,,360.0,9.5,1993.0,La Tzoumaz,1918
4000660058,SINGLE_HOUSE,L,1793400.0,1042.0,,380.0,8.5,1998.0,Courtaman,1791
4000656361,SINGLE_HOUSE,L,1161300.0,1101.0,,280.0,12.5,1947.0,Welschenrohr,4716
4000656358,CHALET,L,999600.0,1152.0,,172.0,7.5,2009.0,Chamoson,1955
4000655543,BIFAMILIAR_HOUSE,L,1440600.0,234.0,,,8.5,1991.0,Glis,3902
4000653681,SINGLE_HOUSE,L,880530.0,144.0,,140.0,7.5,1830.0,Rikon im Tösstal,8486
4000651587,CHALET,L,2043300.0,1002.0,,330.0,10.0,1981.0,Les Diablerets,1865
4000645054,SINGLE_HOUSE,L,0.0,616.0,,350.0,11.5,1988.0,Pfyn,8505
4000644512,ROW_HOUSE,L,1440600.0,245.0,,220.0,8.5,1992.0,Frauenfeld,8500
4000644495,SINGLE_HOUSE,L,727650.0,1193.0,,400.0,13.0,1947.0,Rebeuvelier,2832
4000644490,MULTIPLE_DWELLING,L,2175600.0,630.0,,,15.0,1911.0,Les Avants,1833
4000644489,SINGLE_HOUSE,L,2572500.0,680.0,,290.0,8.5,1937.0,Bussigny,1030
4000644488,SINGLE_HOUSE,L,0.0,2239.0,,170.0,7.0,1948.0,Birrwil,5708
4000639040,CHALET,L,5145000.0,916.0,,360.0,7.0,2012.0,Crans-Montana,3963
4000639039,SINGLE_HOUSE,L,3616200.0,1703.0,,380.0,10.0,2004.0,Sion,1950
4000639024,SINGLE_HOUSE,L,0.0,796.0,,360.0,11.5,2009.0,Hombrechtikon,8634
4000638386,SINGLE_HOUSE,L,2021250.0,1896.0,,390.0,10.0,1900.0,Intragna,6655
4000634266,SINGLE_HOUSE,L,1440600.0,920.0,,290.0,13.0,1930.0,Oberaach,8587
4000633235,CHALET,L,1639050.0,1000.0,,380.0,9.5,2007.0,Nax,1973
4000633201,SINGLE_HOUSE,L,1536150.0,468.0,,180.0,9.0,1948.0,Neuchâtel,2000
4000621672,SINGLE_HOUSE,L,1528800.0,974.0,,310.0,13.0,1990.0,Muraz (Collombey),1893
4000618201,SINGLE_HOUSE,L,852600.0,1749.0,,1100.0,17.0,1902.0,Les Verrières,2126
4000618199,SINGLE_HOUSE,L,1683150.0,296.0,,220.0,11.5,2006.0,Abtwil SG,9030
4000613138,SINGLE_HOUSE,L,1756650.0,740.0,,360.0,8.5,2008.0,Sitterdorf,8589
4000599001,SINGLE_HOUSE,L,808500.0,452.0,,270.0,7.0,1885.0,Cugnasco,6516
4000598402,MULTIPLE_DWELLING,L,1440420.0,370.0,,290.0,11.0,1900.0,Schleitheim,8226
4000594803,SINGLE_HOUSE,L,2381400.0,1403.0,,270.0,7.0,1980.0,Röschenz,4244
4000594802,BIFAMILIAR_HOUSE,L,1396500.0,518.0,,340.0,8.5,2002.0,Massonnens,1692
4000594800,SINGLE_HOUSE,L,2028600.0,853.0,,300.0,9.5,1949.0,Villars-sur-Glâne,1752
4000594790,SINGLE_HOUSE,L,1977150.0,420.0,,200.0,8.5,2022.0,Nenzlingen,4224
4000591994,SINGLE_HOUSE,L,1467060.0,429.0,,172.0,7.5,,Wohlen AG,5610
4000589564,SINGLE_HOUSE,L,3513300.0,1454.0,,600.0,9.0,2010.0,Savièse,1965
4000589082,SINGLE_HOUSE,L,2337300.0,768.0,,290.0,9.5,2002.0,Buchs SG,9470
4000586871,SINGLE_HOUSE,L,1536150.0,840.0,,360.0,10.0,2004.0,Dorénaz,1905
4000573149,ROW_HOUSE,L,1881600.0,340.0,,170.0,7.5,1973.0,Ebmatingen,8123
4000573134,SINGLE_HOUSE,L,2925300.0,759.0,,300.0,9.5,1979.0,Münchenstein,4142
4000545639,SINGLE_HOUSE,L,1300950.0,256.0,,200.0,9.5,1987.0,Remigen,5236
4000545638,SINGLE_HOUSE,L,1896300.0,859.0,,270.0,9.5,1986.0,Nusshof,4453
4000542554,SINGLE_HOUSE,L,2175600.0,,,300.0,9.5,1937.0,Apples,1143
4000542553,ROW_HOUSE,L,1543500.0,510.0,,200.0,7.5,1972.0,Wil SG,9500
4000540750,SINGLE_HOUSE,L,2175600.0,3618.0,,290.0,8.5,1978.0,Bôle,2014
4000536375,SINGLE_HOUSE,L,3160500.0,791.0,,550.0,14.0,1870.0,Wetzikon ZH,8620
4000530856,SINGLE_HOUSE,L,764400.0,873.0,,510.0,12.5,1964.0,Courgenay,2950
4000529443,SINGLE_HOUSE,L,2866500.0,327.0,,200.0,8.5,1929.0,Muralto,6600
4000525788,SINGLE_HOUSE,L,845250.0,171.0,,140.0,5.5,1800.0,Zwingen,4222
4000513762,MULTIPLE_DWELLING,L,2778300.0,343.0,,870.0,44.0,1900.0,Avenches,1580
4000506918,MULTIPLE_DWELLING,L,3748500.0,1312.0,,,,2011.0,Martigny,1920
4000506916,SINGLE_HOUSE,L,3601500.0,1586.0,,400.0,11.0,2012.0,Gelfingen,6284
4000502737,SINGLE_HOUSE,L,2425500.0,1040.0,,500.0,11.0,1971.0,Grandson,1422
4000502735,SINGLE_HOUSE,L,2131500.0,588.0,,460.0,12.5,2019.0,Härkingen,4624
4000497573,SINGLE_HOUSE,L,1102500.0,647.0,,430.0,17.0,1953.0,Cortébert,2607
4000497567,SINGLE_HOUSE,L,2352000.0,1350.0,,360.0,11.0,1991.0,Montezillon,2037
4000495998,SINGLE_HOUSE,L,2484300.0,855.0,,340.0,14.0,1958.0,Kirchdorf BE,3116
4000490442,MULTIPLE_DWELLING,L,4821600.0,,,,,1911.0,Yverdon-les-Bains,1400
4000485708,SINGLE_HOUSE,L,2043300.0,719.0,,240.0,,1952.0,Lamboing,2516
4000485696,SINGLE_HOUSE,L,3087000.0,782.0,,350.0,15.5,1987.0,Udligenswil,6044
4000485360,SINGLE_HOUSE,L,801150.0,528.0,,170.0,7.5,1945.0,Murg SG,8877
4000480693,BIFAMILIAR_HOUSE,L,1756650.0,497.0,,270.0,10.0,1952.0,Arbon,9320
4000480689,SINGLE_HOUSE,L,1315650.0,485.0,,360.0,10.0,1880.0,Grandson,1422
4000470327,BIFAMILIAR_HOUSE,L,4387950.0,286.0,,260.0,9.5,1926.0,Zürich,8037
4000469954,SINGLE_HOUSE,L,1734600.0,584.0,,240.0,9.5,1770.0,Gundetswil,8543
4000469945,SINGLE_HOUSE,L,1227450.0,276.0,,270.0,8.5,1850.0,Eptingen,4458
4000465483,MULTIPLE_DWELLING,L,1984500.0,,,,,1950.0,Sierre,3960
4000464329,SINGLE_HOUSE,L,2572500.0,564.0,,240.0,9.5,2005.0,Kefikon ZH,8543
4000459580,ROW_HOUSE,L,1675800.0,466.0,,240.0,9.5,1987.0,Yverdon-les-Bains,1400
4000454185,SINGLE_HOUSE,L,1248030.0,794.0,,330.0,9.5,1988.0,Moutier,2740
4000451368,VILLA,L,5586000.0,877.0,,760.0,9.5,1980.0,Montagnola,6926
4000449382,SINGLE_HOUSE,L,1058400.0,549.0,,180.0,9.5,1969.0,Aegerten,2558
4000438888,SINGLE_HOUSE,L,1320060.0,791.0,,310.0,9.5,1924.0,Tramelan,2720
4000438887,SINGLE_HOUSE,L,1749300.0,1731.0,,330.0,15.0,1905.0,Chavannes-le-Chêne,1464
4000438884,MULTIPLE_DWELLING,L,1602300.0,,,,,1721.0,Fleurier,2114
4000434279,ROW_HOUSE,L,470400.0,436.0,,300.0,9.5,1958.0,Orsières,1937
4000434277,ROW_HOUSE,L,2932650.0,332.0,,300.0,8.5,2003.0,Onex,1213
4000433984,BIFAMILIAR_HOUSE,L,1173060.0,333.0,,163.0,7.5,1932.0,Bern,3027
4000432248,VILLA,L,1822800.0,797.0,,250.0,8.5,1987.0,Venthône,3973
4000425189,CHALET,L,2043300.0,1574.0,,270.0,8.5,1957.0,Arzier-Le Muids,1273
4000420415,SINGLE_HOUSE,L,1793400.0,1307.0,,290.0,8.5,2005.0,Bonvillars,1427
4000419424,ROW_HOUSE,L,732060.0,232.0,,172.0,6.0,1953.0,Grenchen,2540
4000417592,SINGLE_HOUSE,L,1102500.0,1088.0,,300.0,13.0,1904.0,Hindelbank,3324
4000412288,CHALET,L,1264200.0,542.0,,220.0,8.5,1979.0,Pringy,1663
4000411780,SINGLE_HOUSE,L,2778300.0,681.0,,470.0,8.5,1794.0,Turbenthal,8488
4000407595,SINGLE_HOUSE,L,2043300.0,722.0,,320.0,8.5,1958.0,Flumserberg Portels,8895
4000403119,SINGLE_HOUSE,L,0.0,446.0,,220.0,9.5,1990.0,Vairano,6575
4000399960,BIFAMILIAR_HOUSE,L,1205400.0,574.0,,240.0,8.5,1994.0,Walterswil,5746
4000391837,TERRACE_HOUSE,L,2572500.0,140.0,,250.0,7.5,2010.0,Allschwil,4123
4000389863,SINGLE_HOUSE,L,1389150.0,846.0,,340.0,11.0,1975.0,Dittingen,4243
4000381991,SINGLE_HOUSE,L,1168650.0,750.0,,150.0,7.5,1973.0,Schwarzsee,1716
4000380434,BIFAMILIAR_HOUSE,L,727650.0,206.0,,190.0,7.5,1780.0,Titterten,4425
4000373663,VILLA,L,1756650.0,,,230.0,8.5,1983.0,Conthey,1964
4000373600,BIFAMILIAR_HOUSE,L,1786050.0,512.0,,300.0,11.5,1983.0,Liestal,4410
4000369245,SINGLE_HOUSE,L,3160500.0,859.0,,370.0,10.0,1979.0,Grenchen,2540
4000362676,FARM_HOUSE,L,2631300.0,5858.0,,340.0,10.0,1877.0,Mattstetten,3322
4000362612,MULTIPLE_DWELLING,L,1161300.0,,,,,1990.0,Champlan (Grimisuat),1971
4000362609,SINGLE_HOUSE,L,720300.0,894.0,,220.0,6.0,1901.0,Villeret,2613
4000356685,SINGLE_HOUSE,L,0.0,912.0,,230.0,10.0,1868.0,Laupersdorf,4712
4000345133,SINGLE_HOUSE,L,1764000.0,1961.0,,880.0,8.5,1851.0,Brenles,1683
4000343385,VILLA,L,1727250.0,1049.0,,230.0,9.5,1985.0,Le Locle,2400
4000315452,BIFAMILIAR_HOUSE,L,1455300.0,3806.0,,440.0,15.5,1890.0,Champ-du-Moulin,2149
4000310933,SINGLE_HOUSE,L,1249500.0,957.0,,320.0,9.0,1986.0,Le Pâquier NE,2058
4000303671,ROW_HOUSE,L,1756650.0,294.0,,220.0,11.5,1986.0,Reinach BL,4153
4000299991,SINGLE_HOUSE,L,3373650.0,2767.0,,230.0,8.5,1978.0,Kriens,6010
4000299990,SINGLE_HOUSE,L,2058000.0,1070.0,,300.0,11.5,2005.0,Cressier FR,1785
4000299684,BIFAMILIAR_HOUSE,L,1396500.0,555.0,,330.0,7.5,2018.0,Cudrefin,1588
4000288558,SINGLE_HOUSE,L,1051050.0,561.0,,290.0,9.5,1900.0,Mont-Soleil,2610
4000288554,SINGLE_HOUSE,L,1058400.0,192.0,,300.0,7.5,1911.0,Vétroz,1963
4000285228,SINGLE_HOUSE,L,1102500.0,426.0,,220.0,10.0,1899.0,Gachg,8547
4000281669,SINGLE_HOUSE,L,1881600.0,787.0,,250.0,8.5,2007.0,Fully,1926
4000272652,SINGLE_HOUSE,L,3336900.0,1759.0,,420.0,11.5,1983.0,Caviano,6578
4000252796,SINGLE_HOUSE,L,10272360.0,1447.0,,580.0,13.5,1962.0,La Conversion,1093
4000236005,SINGLE_HOUSE,L,1176000.0,1389.0,,440.0,11.0,1970.0,Chamoson,1955
4000230872,SINGLE_HOUSE,L,3954300.0,2270.0,,520.0,9.5,1974.0,Eclépens,1312
4000230866,SINGLE_HOUSE,L,514500.0,3604.0,,105.0,5.0,1971.0,La Côte-aux-Fées,2117
4000229073,SINGLE_HOUSE,L,0.0,841.0,,470.0,11.0,1996.0,Berg,8572
4000229070,SINGLE_HOUSE,L,1602300.0,241.0,,200.0,8.5,1984.0,Kreuzlingen,8280
4000226186,SINGLE_HOUSE,L,1381800.0,1294.0,,320.0,8.5,1980.0,Monthey,1870
4000226180,SINGLE_HOUSE,L,2631300.0,1202.0,,290.0,9.5,1974.0,Bussigny,1030
4000212869,SINGLE_HOUSE,L,1881600.0,1349.0,,550.0,8.5,1985.0,Belprahon,2744
4000207714,FARM_HOUSE,L,3307500.0,2156.0,,280.0,14.0,1949.0,Russikon,8332
4000197149,SINGLE_HOUSE,L,2352000.0,1500.0,,310.0,8.5,1974.0,Sullens,1036
4000196168,SINGLE_HOUSE,L,1161300.0,3627.0,,170.0,8.5,1994.0,Gümmenen,3205
4000194950,BIFAMILIAR_HOUSE,L,1249500.0,392.0,,180.0,9.5,1948.0,Hinwil,8340
4000180886,SINGLE_HOUSE,L,5806500.0,1139.0,,500.0,11.0,2000.0,Wetzikon ZH,8620
4000173127,SINGLE_HOUSE,L,1174200.0,369.0,,200.0,8.5,2018.0,Schleitheim,8226
4000172959,FARM_HOUSE,L,580650.0,655.0,,140.0,7.5,1866.0,Mülchi,3317
4000164259,SINGLE_HOUSE,L,2932650.0,829.0,,470.0,9.5,1991.0,Effingen,5078
4000159547,SINGLE_HOUSE,L,720300.0,938.0,,490.0,10.0,1850.0,Fontenais,2902
4000154675,ROW_HOUSE,L,1411200.0,246.0,,170.0,8.5,1972.0,Dürnten,8635
4000152270,SINGLE_HOUSE,L,1749300.0,1226.0,,330.0,8.5,1985.0,Montagny-près-Yverdon,1442
4000148357,SINGLE_HOUSE,L,1631700.0,184.0,,330.0,11.5,1900.0,Maienfeld,7304
4000124728,SINGLE_HOUSE,L,1690500.0,440.0,,180.0,8.5,1985.0,Frenkendorf,4402
4000121902,ROW_HOUSE,L,879060.0,345.0,,163.0,7.5,1955.0,Solothurn,4500
4000121900,ROW_HOUSE,L,937860.0,345.0,,170.0,8.5,1955.0,Solothurn,4500
4000121729,SINGLE_HOUSE,L,2131500.0,800.0,,360.0,8.5,2013.0,Leysin,1854
4000120009,SINGLE_HOUSE,L,0.0,380.0,,220.0,9.5,1999.0,Othmarsingen,5504
4000116976,SINGLE_HOUSE,L,1749300.0,621.0,,190.0,8.5,2009.0,Triengen,6234
4000115326,BIFAMILIAR_HOUSE,L,1161300.0,209.0,,350.0,14.0,1750.0,Gelterkinden,4460
4000115320,MULTIPLE_DWELLING,L,1440600.0,,,,,1900.0,La Chaux-de-Fonds,2300
4000112071,SINGLE_HOUSE,L,1352400.0,1018.0,,250.0,9.5,1990.0,Praz-de-Fort,1943
4000109349,SINGLE_HOUSE,L,1249500.0,175.0,,190.0,8.5,1994.0,Bözberg,5225
4000106261,BIFAMILIAR_HOUSE,L,1690500.0,480.0,,220.0,9.5,1998.0,Dintikon,5606
4000106260,SINGLE_HOUSE,L,2866500.0,941.0,,230.0,9.5,1804.0,Volketswil,8604
4000101654,SINGLE_HOUSE,L,1615530.0,649.0,,330.0,8.5,1999.0,Zielebach,4564
4000098239,SINGLE_HOUSE,L,1220100.0,762.0,,220.0,7.5,2013.0,Neirivue,1669
4000098228,SINGLE_HOUSE,L,1499400.0,999.0,,300.0,9.5,1960.0,Troistorrents,1872
4000093179,SINGLE_HOUSE,L,1690500.0,817.0,,200.0,8.5,1923.0,Obernau,6012
4000088994,SINGLE_HOUSE,L,1602300.0,530.0,,300.0,8.5,2004.0,Gletterens,1544
4000088036,CHALET,L,2719500.0,1195.0,,440.0,11.5,2011.0,Les Paccots,1619
4000085497,SINGLE_HOUSE,L,1168650.0,148.0,,170.0,7.5,1825.0,Wald,8636
3003541946,SINGLE_HOUSE,L,0.0,719.0,,290.0,9.0,1979.0,Büetigen,3263
3003536428,CHALET,L,1440600.0,1113.0,,200.0,7.0,1980.0,St-Jean VS,3961
3003533153,ROW_HOUSE,L,2572500.0,231.0,,250.0,9.5,1926.0,Riehen,4125
3003487738,BIFAMILIAR_HOUSE,L,2866500.0,3011.0,,400.0,14.0,1794.0,Jonen,8916
3003485590,SINGLE_HOUSE,L,2278500.0,1111.0,,340.0,14.0,1958.0,Leysin,1854
3003480510,MULTIPLE_DWELLING,L,0.0,516.0,,,22.0,1902.0,Boudry,2017
3003470352,VILLA,L,1727250.0,1019.0,,310.0,6.0,2006.0,Collombey,1868
3003465343,MULTIPLE_DWELLING,L,6027000.0,,,,,1920.0,Blonay,1807
3003450768,SINGLE_HOUSE,L,1837500.0,2275.0,,400.0,9.5,1967.0,Fleurier,2114
3003447880,SINGLE_HOUSE,L,0.0,304.0,,310.0,,1966.0,Ulrichen,3988
3003444344,ROW_HOUSE,L,1323000.0,451.0,,290.0,7.5,1989.0,Chavornay,1373
3003440806,SINGLE_HOUSE,L,1058400.0,782.0,,220.0,9.0,1881.0,Lützelflüh-Goldbach,3432
3003440738,ROW_HOUSE,L,764400.0,210.0,,170.0,8.5,1919.0,Charmoille,2947
3003436465,ROW_HOUSE,L,1198050.0,581.0,,290.0,7.5,1987.0,Savièse,1965
3003431792,ROW_HOUSE,L,1690500.0,53.0,,140.0,7.0,1985.0,Russin,1281
3003431791,BIFAMILIAR_HOUSE,L,2175600.0,243.0,,230.0,8.5,2002.0,Wettingen,5430
3003427817,SINGLE_HOUSE,L,2778300.0,2000.0,,,9.5,1975.0,Payerne,1530
3003401524,BIFAMILIAR_HOUSE,L,940800.0,1109.0,,580.0,13.0,1982.0,Courtemaîche,2923
3003367877,BIFAMILIAR_HOUSE,L,1984500.0,358.0,,170.0,8.5,1980.0,Oberwil BL,4104
3003356014,SINGLE_HOUSE,L,1668450.0,701.0,,220.0,8.5,2013.0,Läufelfingen,4448
3003342310,RUSTIC_HOUSE,L,364560.0,1043.0,,,6.0,,Monte Carasso,6513
3003312801,SINGLE_HOUSE,L,1102500.0,488.0,,190.0,9.5,1964.0,Spiez,3700
3003281785,MULTIPLE_DWELLING,L,3307500.0,,,,,1908.0,Le Locle,2400
3003278937,ROW_HOUSE,L,573300.0,65.0,,250.0,7.5,1980.0,Sierre,3960
3003268382,ROW_HOUSE,L,1315650.0,318.0,,310.0,12.5,1785.0,Zell ZH,8487
3003259042,SINGLE_HOUSE,L,5512500.0,6420.0,,460.0,9.5,1962.0,Blonay,1807
3003226278,SINGLE_HOUSE,L,1455300.0,700.0,,300.0,12.5,1970.0,Gelterfingen,3126
3003216839,SINGLE_HOUSE,L,1102500.0,479.0,,250.0,10.0,1937.0,Gümmenen,3205
3003212798,SINGLE_HOUSE,L,1462650.0,789.0,,170.0,8.5,1879.0,Trimbach,4632
3003132828,SINGLE_HOUSE,L,2322600.0,714.0,,290.0,14.0,1965.0,Steffisburg,3612
3003119016,CHALET,L,1455300.0,1080.0,,140.0,7.5,1935.0,Villard-sur-Chamby,1832
3003119015,SINGLE_HOUSE,L,2646000.0,800.0,,240.0,8.5,1986.0,Montreux,1820
3003101122,BIFAMILIAR_HOUSE,L,1102500.0,380.0,,150.0,5.5,1998.0,Amriswil,8580
3003087452,ROW_HOUSE,L,2043300.0,144.0,,210.0,9.0,1973.0,Laconnex,1287
3003078453,SINGLE_HOUSE,L,1602300.0,507.0,,250.0,11.0,1971.0,Biberist,4562
3003070801,SINGLE_HOUSE,L,2910600.0,1409.0,,720.0,17.5,2019.0,Linthal,8783
3003070476,SINGLE_HOUSE,L,3807300.0,1307.0,,640.0,13.0,2006.0,Fully,1926
3003049000,MULTIPLE_DWELLING,L,1896300.0,328.0,,,26.0,1897.0,Schönenwerd,5012
3003014788,MULTIPLE_DWELLING,L,2719500.0,,,,,1920.0,Menziken,5737
3003000612,SINGLE_HOUSE,L,1543500.0,1119.0,,310.0,9.5,2011.0,Porrentruy,2900
3002979805,SINGLE_HOUSE,L,1602300.0,953.0,,250.0,7.5,1931.0,Grandson,1422
3002972213,SINGLE_HOUSE,L,2043300.0,1000.0,,270.0,8.5,2007.0,Essertes,1078
3002935658,SINGLE_HOUSE,L,0.0,678.0,,,11.5,2001.0,Spiez,3700
3002934422,VILLA,L,4704000.0,600.0,,380.0,11.0,2004.0,Breganzona,6932
3002901281,ROW_HOUSE,L,2050650.0,193.0,,440.0,11.5,1880.0,Montagny-près-Yverdon,1442
3002876390,SINGLE_HOUSE,L,940800.0,1367.0,,1100.0,14.0,1947.0,Liddes,1945
3002792515,SINGLE_HOUSE,L,2557800.0,783.0,,220.0,12.5,1861.0,Sorens,1642
3002766349,MULTIPLE_DWELLING,L,1308300.0,621.0,,490.0,14.0,1900.0,Sugiez,1786
3002766278,ROW_HOUSE,L,1308300.0,621.0,,490.0,14.0,1900.0,Sugiez,1786
3002674338,MULTIPLE_DWELLING,L,10275300.0,,,,,1975.0,Dombresson,2056
3002674328,SINGLE_HOUSE,L,2425500.0,492.0,,960.0,9.5,1700.0,St-Légier-La Chiésaz,1806
3002674255,MULTIPLE_DWELLING,L,2425500.0,,,,,1825.0,Combremont-le-Petit,1536
3002674248,MULTIPLE_DWELLING,L,4410000.0,,,,,1400.0,Bad Zurzach,5330
3002674143,SINGLE_HOUSE,L,3234000.0,918.0,,600.0,11.5,2004.0,Savièse,1965
3002674129,SINGLE_HOUSE,L,1690500.0,533.0,,330.0,12.5,2005.0,Walperswil,3272
3002674128,SINGLE_HOUSE,L,2197650.0,949.0,,280.0,9.5,2013.0,Villars-Mendraz,1061
3002674058,MULTIPLE_DWELLING,L,3748500.0,,,,,1920.0,Porrentruy,2900
3002674023,MULTIPLE_DWELLING,L,5872650.0,2.0,,,,1905.0,Schlierbach,6231
3002673995,ROW_HOUSE,L,948150.0,,,220.0,7.5,1992.0,Savièse,1965
3001279744,SINGLE_HOUSE,L,2271150.0,240.0,,300.0,8.5,2020.0,Thierachern,3634
4000833088,VILLA,L,2190300.0,1034.0,,260.0,9.5,1947.0,Evilard,2533
4000830781,SINGLE_HOUSE,L,1277430.0,552.0,,220.0,8.5,1972.0,Erlinsbach SO,5015
4000829403,SINGLE_HOUSE,L,1617000.0,636.0,,230.0,8.5,,Pieterlen,2542
4000829400,BIFAMILIAR_HOUSE,L,1352400.0,456.0,,170.0,8.5,1946.0,Biel/Bienne,2502
4000828895,SINGLE_HOUSE,M,0.0,697.0,,140.0,8.5,1951.0,Sevelen,9475
4000828620,ROW_HOUSE,L,,209.0,,420.0,10.0,1990.0,Wangen b. Olten,4612
4000828611,SINGLE_HOUSE,M,1318590.0,913.0,,190.0,8.5,1988.0,Trimbach,4632
4000819611,SINGLE_HOUSE,M,0.0,912.0,,390.0,9.5,1984.0,Kehrsatz,3122
4000811059,SINGLE_HOUSE,M,1014300.0,633.0,,180.0,9.5,1987.0,Flums,8890
4000803135,MULTIPLE_DWELLING,L,2337300.0,501.0,,400.0,15.0,1918.0,Freienstein,8427
4000803134,SINGLE_HOUSE,L,2337300.0,501.0,,400.0,15.0,1918.0,Freienstein,8427
4000802465,FARM_HOUSE,L,2425500.0,843.0,,350.0,7.5,1840.0,Attikon,8544
4000802404,BIFAMILIAR_HOUSE,L,1174530.0,172.0,,180.0,9.5,1996.0,Diepoldsau,9444
4000801905,BIFAMILIAR_HOUSE,L,1536150.0,288.0,,190.0,7.5,1985.0,St. Gallen,9000
4000801339,BIFAMILIAR_HOUSE,L,1756650.0,1368.0,,280.0,9.5,1900.0,Rüthi (Rheintal),9464
4000799409,SINGLE_HOUSE,M,2638650.0,90.0,,220.0,11.5,1739.0,Horgen,8810
4000795072,VILLA,L,1834560.0,1540.0,,330.0,13.0,1951.0,Sierre,3960
4000783343,SINGLE_HOUSE,L,1492050.0,233.0,,,8.5,2024.0,Altishausen,8573
4000783341,SINGLE_HOUSE,L,1727250.0,332.0,,,9.5,2024.0,Altishausen,8573
4000783339,SINGLE_HOUSE,L,1786050.0,282.0,,,9.5,2024.0,Altishausen,8573
4000783337,MULTIPLE_DWELLING,L,2058000.0,596.0,,,,,Sommeri,8580
4000783336,SINGLE_HOUSE,L,2043300.0,704.0,,,7.5,2023.0,Wuppenau,9514
4000783333,SINGLE_HOUSE,L,1999200.0,557.0,,,9.5,2023.0,Wuppenau,9514
4000782594,TERRACE_HOUSE,L,955500.0,765.0,,140.0,8.5,1994.0,Oensingen,4702
4000781433,SINGLE_HOUSE,L,3087000.0,1728.0,,380.0,9.5,2016.0,Trogen,9043
4000780239,SINGLE_HOUSE,L,2587200.0,310.0,,280.0,9.5,2005.0,Lufingen,8426
4000779701,SINGLE_HOUSE,L,1690500.0,,,250.0,,1983.0,Altstätten SG,9450
4000771479,SINGLE_HOUSE,M,1734600.0,120.0,,230.0,7.5,2017.0,Grüsch,7214
4000768009,ROW_HOUSE,M,1205400.0,241.0,,180.0,8.5,1972.0,Hindelbank,3324
4000757460,ROW_HOUSE,L,2241750.0,157.0,,330.0,8.5,1568.0,Le Landeron,2525
4000755581,RUSTICO,L,1558200.0,19961.0,,190.0,8.5,,Palagnedra,6657
4000755579,VILLA,L,3087000.0,606.0,,310.0,8.5,1995.0,Gordola,6596
4000755433,CHALET,L,1455300.0,,,,11.5,2000.0,Unterbäch VS,3944
4000740680,BIFAMILIAR_HOUSE,M,0.0,307.0,,300.0,12.5,1998.0,Rorbas,8427
4000735622,SINGLE_HOUSE,L,1808100.0,624.0,,,9.5,2023.0,Wuppenau,9514
4000732464,BIFAMILIAR_HOUSE,L,1161120.0,396.0,,170.0,9.5,1947.0,Schaffhausen,8200
4000730430,SINGLE_HOUSE,M,1521450.0,617.0,,180.0,8.5,1971.0,Derendingen,4552
4000722687,SINGLE_HOUSE,L,1690500.0,549.0,,170.0,8.5,1967.0,Höri,8181
4000713478,ROW_HOUSE,L,1058400.0,254.0,,250.0,7.5,1865.0,Ollon VD,1867
4000712805,SINGLE_HOUSE,L,1543500.0,,,180.0,8.5,2004.0,Ipsach,2563
4000712437,BIFAMILIAR_HOUSE,L,1264020.0,442.0,,190.0,9.5,1947.0,Schaffhausen,8200
4000711371,ROW_HOUSE,L,867120.0,180.0,,160.0,8.5,1932.0,Schaffhausen,8200
4000706631,VILLA,M,3185490.0,984.0,,290.0,9.5,1959.0,Weggis,6353
4000720933,SINGLE_HOUSE,L,1440600.0,677.0,,320.0,13.0,,Brugg,5200
3002802325,MULTIPLE_DWELLING,L,2638650.0,,,,,,Biel/Bienne,2502
3002527999,SINGLE_HOUSE,L,8599500.0,1000.0,,620.0,16.5,1994.0,Grindelwald,3818
4000816400,SINGLE_HOUSE,L,3675000.0,1200.0,,360.0,9.5,2024.0,Staad SG,9422
3003447880,SINGLE_HOUSE,S,0.0,304.0,,310.0,,1966.0,Ulrichen,3988
4000719161,ROW_HOUSE,L,1146600.0,,,180.0,9.0,1984.0,Mülligen,5243
4000704784,BIFAMILIAR_HOUSE,L,1425900.0,344.0,,280.0,13.0,1975.0,Studen BE,2557
4000699225,SINGLE_HOUSE,L,1168650.0,715.0,,300.0,9.5,1929.0,Huttwil,4950
4000683171,BIFAMILIAR_HOUSE,L,4336500.0,403.0,,430.0,8.5,1989.0,Egg b. Zürich,8132
4000672443,BIFAMILIAR_HOUSE,L,1543500.0,361.0,,220.0,8.5,2003.0,Muolen,9313
4000666177,SINGLE_HOUSE,L,2168250.0,258.0,,190.0,8.5,2023.0,Konolfingen,3510
4000645194,SINGLE_HOUSE,M,3763200.0,1986.0,,560.0,,1830.0,Nusshof,4453
4000616724,SINGLE_HOUSE,L,1536150.0,880.0,,200.0,7.0,2001.0,Fétigny,1532
4000615639,SINGLE_HOUSE,L,0.0,684.0,,240.0,11.0,1899.0,Steckborn,8266
4000568178,MULTIPLE_DWELLING,L,3307500.0,,,,,1966.0,Ramsen,8262
4000563553,SINGLE_HOUSE,L,1609650.0,734.0,,230.0,8.5,1996.0,Payerne,1530
4000542556,SINGLE_HOUSE,L,1014300.0,601.0,,250.0,11.0,1903.0,Le Locle,2400
4000542555,BIFAMILIAR_HOUSE,L,2050650.0,554.0,,240.0,7.5,2023.0,Les Cullayes,1080
4000487294,SINGLE_HOUSE,L,2587200.0,,,510.0,12.5,1993.0,Vacallo,6833
4000444538,SINGLE_HOUSE,L,1029000.0,744.0,,160.0,8.5,2003.0,Chamoson,1955
